distance_km,traffic_level,prep_time_min,delivery_time_min
3.6,1,8.5,25.5
2.9,1,12.9,32.2
4.84,3,9.5,38.9
8.57,2,12.9,52.2
6.85,1,14.8,46.7
6.5,3,4.3,45.7
4.11,1,10.5,29.7
6.68,2,17.1,54.2
5.21,2,8.2,40.0
11.74,2,8.5,63.4
5.3,2,12.0,41.2
4.7,3,13.6,47.1
1.81,2,5.6,28.4
8.71,1,15.5,48.8
3.72,1,11.5,34.4
1.56,1,11.9,23.6
6.61,2,12.7,54.4
2.17,1,11.0,24.9
10.72,3,15.8,71.5
7.81,3,11.2,48.9
4.32,1,13.2,35.6
1.5,1,11.4,26.8
1.4,1,12.9,26.1
5.68,3,12.3,48.3
3.47,2,6.9,29.4
5.14,2,14.9,45.7
5.62,2,7.2,39.4
1.83,2,14.3,34.3
6.48,1,13.0,40.9
4.56,1,7.6,27.8
9.38,3,11.9,64.9
3.84,2,10.4,42.4
1.3,2,12.6,35.2
3.8,1,8.4,31.8
2.71,2,15.9,39.8
4.01,2,12.4,39.3
2.21,1,16.0,32.7
5.16,1,9.6,36.3
10.6,2,9.1,54.7
5.89,2,13.3,42.4
7.38,1,6.4,41.4
4.29,2,9.3,34.0
1.42,3,17.5,46.4
6.18,2,9.5,43.1
2.64,3,12.2,42.9
4.01,1,6.3,30.0
9.88,2,15.7,60.8
6.66,2,7.2,44.4
7.15,2,7.1,45.4
3.14,3,12.7,44.8
4.67,1,7.7,34.6
3.9,1,4.1,32.0
3.59,1,7.5,29.3
6.09,1,12.8,44.0
1.82,2,10.0,28.2
10.54,2,13.6,66.2
5.31,1,14.7,40.4
12.11,1,13.9,62.7
3.62,1,17.4,35.7
8.74,1,12.2,45.8
6.72,2,16.9,44.2
4.9,2,10.6,50.1
3.69,3,17.1,52.9
3.78,2,15.3,39.0
2.79,1,16.0,33.3
4.61,3,24.1,51.9
7.56,3,13.2,59.6
8.34,3,14.4,62.0
5.72,1,15.7,45.9
3.26,1,15.9,33.5
3.85,1,14.6,38.6
3.47,2,14.8,40.2
5.48,3,11.9,44.4
5.1,2,9.7,45.4
1.97,1,6.7,21.4
3.06,3,12.3,44.2
6.46,1,9.5,42.8
2.11,1,6.2,26.6
3.49,1,18.0,41.4
4.08,1,16.3,38.6
2.83,2,12.8,30.4
4.88,1,7.2,34.6
1.41,2,11.8,40.2
8.91,3,12.3,59.4
12.09,3,10.1,71.3
1.68,2,17.8,37.7
7.47,1,15.9,47.9
2.63,1,7.6,26.6
6.16,3,13.6,58.1
12.94,1,5.4,60.3
6.39,2,13.9,49.2
9.0,3,14.8,64.3
2.38,3,17.5,36.4
2.86,2,3.0,22.1
4.57,1,18.2,33.6
8.29,2,8.3,49.2
8.32,1,14.9,55.7
6.7,2,8.1,48.8
3.57,2,12.3,36.3
6.07,1,14.1,44.8
5.19,1,11.1,38.6
1.35,2,14.2,38.3
4.12,2,10.2,32.8
9.12,2,9.3,48.4
5.69,2,8.9,42.3
2.98,3,6.0,33.7
14.19,2,12.0,66.6
1.29,3,9.7,32.8
6.99,2,18.1,61.5
8.23,3,10.1,57.3
5.28,3,16.8,50.0
1.82,2,3.0,27.9
1.96,3,13.8,35.3
5.78,2,13.2,46.2
7.69,3,16.5,59.4
2.27,2,19.2,41.8
3.97,1,13.8,36.2
6.39,3,18.6,60.1
3.36,1,10.7,28.7
3.31,1,10.0,30.8
4.95,1,16.3,44.5
5.38,2,13.2,41.5
12.24,2,16.5,73.6
4.22,2,8.6,38.1
4.2,2,10.8,34.2
2.44,3,13.1,43.2
4.9,1,12.0,38.2
4.69,1,15.7,36.4
4.47,3,23.6,58.0
3.48,2,11.4,32.3
6.11,1,17.8,42.9
9.28,3,11.1,57.7
3.46,2,6.2,34.2
5.73,1,6.1,41.0
9.78,1,8.2,49.2
4.89,3,3.8,41.5
9.84,1,11.3,53.6
3.32,2,14.7,41.2
4.36,1,3.1,30.9
4.19,2,10.4,37.9
5.01,2,7.0,40.2
8.39,1,17.1,55.3
3.6,1,17.1,35.5
2.51,1,13.3,32.4
9.63,1,12.3,58.1
7.7,1,10.3,37.3
1.44,1,11.5,24.1
6.04,1,18.4,50.9
10.71,1,14.6,61.1
5.02,2,13.1,44.2
3.51,2,19.4,46.1
7.0,3,12.9,52.4
6.48,2,13.4,50.4
3.03,2,10.2,35.9
3.37,3,5.6,38.2
3.7,1,12.4,31.9
3.32,3,10.3,41.3
1.11,1,15.5,22.3
1.43,3,6.4,33.8
4.21,2,6.6,40.6
6.38,1,12.0,38.2
2.33,2,8.8,31.0
6.45,1,9.7,33.9
4.74,1,11.9,39.6
3.71,1,7.8,27.9
8.61,3,11.2,58.3
12.81,3,19.3,76.5
4.86,3,12.1,43.6
5.88,1,10.5,41.0
4.34,3,12.6,46.8
8.2,1,8.9,48.3
4.41,1,13.6,39.6
2.1,1,15.5,28.3
1.75,2,9.6,36.2
3.18,3,9.8,32.6
2.18,2,13.7,37.3
2.75,1,5.0,26.6
3.26,1,17.1,41.8
2.95,2,8.8,28.5
5.79,1,4.2,34.4
2.67,1,12.1,26.2
2.24,2,7.4,37.3
1.57,1,6.2,13.4
9.28,2,7.7,53.2
4.11,2,11.7,41.4
5.55,2,13.5,43.2
5.85,2,4.3,35.3
1.83,1,11.5,37.1
4.55,3,7.9,40.7
4.45,2,10.6,38.3
1.86,3,14.0,40.6
3.2,1,12.9,32.7
6.19,2,16.3,44.4
7.53,2,7.8,42.8
18.17,1,11.9,76.8
13.68,2,13.4,70.0
4.59,2,9.2,40.0
5.05,3,8.4,43.4
4.27,1,5.6,28.7
2.91,2,5.9,32.4
6.95,2,19.1,54.2
8.52,3,9.2,57.3
3.18,3,12.1,44.0
2.91,1,12.4,30.9
3.38,1,10.1,30.1
1.04,1,12.4,29.3
5.2,1,13.7,42.8
12.46,1,8.7,69.5
4.78,2,16.6,48.3
2.19,2,12.4,35.0
4.78,1,10.1,38.4
6.62,2,10.8,48.5
3.99,2,16.6,46.9
2.6,1,18.1,34.6
4.63,2,9.5,36.8
4.34,1,13.5,30.3
5.32,2,9.5,45.0
7.59,2,7.8,42.5
2.72,1,11.6,35.4
4.04,2,13.5,38.5
4.95,3,19.6,50.8
6.44,2,8.2,40.9
4.66,1,7.4,30.7
7.59,1,3.6,40.6
5.26,1,6.3,33.8
1.6,1,14.2,27.0
10.08,1,13.9,63.6
3.07,1,19.0,30.9
8.47,1,15.6,53.0
9.96,1,11.2,54.7
2.82,2,14.4,40.3
1.71,1,17.5,39.1
3.83,2,5.4,34.0
3.27,3,4.1,29.2
6.44,1,13.2,48.4
0.73,2,13.9,28.0
5.76,3,4.4,40.2
3.01,2,10.2,36.1
1.79,3,7.0,30.0
4.79,2,13.2,41.9
3.05,1,17.4,37.9
8.11,2,15.5,51.7
6.4,2,16.9,53.8
2.87,2,10.2,29.7
5.82,2,9.2,40.3
3.76,3,16.0,41.3
14.95,2,9.5,74.5
2.82,2,12.3,39.6
7.58,1,14.4,48.6
6.26,3,7.5,47.9
3.29,1,3.1,20.9
2.53,2,16.7,45.7
4.52,1,11.4,33.9
3.03,2,15.3,38.2
13.19,1,13.8,67.0
0.7,2,5.4,20.5
4.85,2,12.9,38.6
3.89,1,9.6,39.3
7.34,1,10.8,44.0
8.83,1,9.7,45.3
5.12,1,11.8,39.2
4.16,1,13.2,32.3
3.25,2,8.7,28.8
5.42,2,14.6,37.8
9.33,1,19.7,59.4
2.21,1,11.3,34.5
8.82,3,17.9,59.8
8.08,1,11.4,48.3
3.68,3,10.3,36.8
3.2,1,8.4,33.5
3.95,3,17.1,49.0
5.3,1,11.4,41.1
3.26,1,8.7,27.5
7.5,2,16.2,51.6
1.84,1,10.8,25.2
7.33,3,13.0,58.5
2.04,2,4.8,27.0
5.67,2,8.6,38.2
11.05,1,10.5,62.0
1.32,2,14.3,34.4
2.77,1,14.0,33.2
6.47,1,12.8,42.2
2.02,1,9.7,25.9
5.77,2,17.3,51.6
2.73,3,11.1,36.9
1.42,2,11.0,41.7
11.45,1,6.1,52.1
4.14,2,15.3,39.0
2.39,2,15.6,40.5
3.92,1,16.8,36.9
2.98,1,9.2,26.4
2.91,1,17.2,30.2
10.02,2,13.5,57.9
3.55,1,4.0,25.8
6.59,1,12.6,37.9
5.63,1,9.9,37.9
5.37,1,14.3,46.2
2.2,1,8.0,26.7
2.46,1,6.7,24.3
3.95,3,10.6,39.5
8.26,1,21.7,60.9
1.33,2,10.2,29.0
5.91,3,9.4,54.5
6.28,1,8.2,32.3
4.32,2,5.5,33.6
5.03,3,8.3,45.2
2.82,2,14.7,38.5
6.73,2,6.3,44.6
1.26,3,9.2,35.5
8.81,2,10.0,45.2
3.15,1,14.1,39.3
17.22,1,11.5,78.7
6.39,2,10.3,51.4
8.2,1,19.8,56.6
6.88,2,18.1,54.8
5.07,2,14.3,35.6
9.88,3,8.3,61.3
7.09,2,12.0,44.9
9.8,2,3.9,55.6
4.49,2,4.5,31.4
3.53,1,8.3,31.3
9.72,2,11.3,59.5
5.78,2,13.5,46.4
11.75,2,10.3,60.3
6.78,3,5.8,58.0
3.83,2,11.1,33.4
7.5,3,11.1,52.9
6.72,3,14.1,51.5
5.91,2,15.5,53.1
4.9,3,14.1,52.1
2.27,1,17.0,32.6
6.34,2,13.9,46.2
2.21,1,12.0,27.7
4.05,2,15.9,46.0
11.78,2,13.4,71.1
4.2,2,5.5,32.8
8.31,2,14.9,55.8
3.62,3,14.3,53.4
4.46,2,8.0,43.4
4.62,1,15.4,40.8
7.35,1,7.1,39.9
7.65,2,20.1,60.2
1.9,2,3.0,23.3
6.7,1,13.4,45.7
7.12,2,9.2,48.8
1.99,1,10.5,29.0
10.6,2,14.6,64.1
9.4,2,14.8,63.3
4.43,2,15.5,47.1
3.36,3,16.9,47.1
1.89,2,7.7,26.2
5.53,1,11.2,37.6
7.99,2,10.7,57.7
3.6,1,12.2,35.5
6.75,2,3.7,46.4
6.94,1,16.5,45.2
4.4,1,14.0,41.7
3.33,3,15.3,54.5
5.39,2,13.9,42.8
7.26,3,9.1,57.7
3.28,2,8.3,32.5
2.28,3,9.3,36.9
2.41,2,5.5,27.0
4.11,3,8.4,41.3
2.05,3,10.5,37.5
3.1,1,12.3,27.8
1.76,2,9.3,32.3
5.81,1,19.2,45.7
5.05,1,9.4,33.5
4.98,2,12.6,50.1
2.45,1,12.7,32.7
3.13,1,5.8,23.7
2.47,1,13.1,31.0
3.22,1,4.5,23.8
0.64,3,9.5,25.6
4.69,2,9.0,42.1
6.96,1,9.7,36.9
3.2,3,13.7,43.0
3.66,2,17.2,35.8
4.51,2,12.7,43.7
2.64,2,14.8,36.6
6.04,1,9.6,40.2
3.53,2,8.3,34.8
9.15,1,12.4,52.3
1.51,3,7.9,32.9
8.51,1,12.6,47.0
6.69,1,16.1,40.0
5.41,1,17.1,50.4
9.87,1,17.6,56.7
9.53,2,7.7,58.8
14.84,1,14.6,74.7
3.58,1,12.9,33.2
1.99,1,11.2,25.3
1.34,3,8.1,34.4
3.53,1,12.7,35.8
7.95,2,17.2,57.5
2.11,3,12.6,39.7
4.58,1,11.7,38.0
2.11,2,18.3,37.7
7.53,2,11.6,46.0
2.99,1,12.4,33.9
8.72,2,18.9,57.9
7.92,1,20.0,56.0
7.55,2,12.6,50.6
5.29,3,11.8,44.7
8.05,3,10.3,51.7
2.73,3,9.3,34.7
6.2,1,10.4,39.1
14.4,2,15.7,75.7
14.57,2,18.6,82.0
5.32,2,9.1,39.8
2.5,3,11.6,37.8
10.81,2,13.6,59.2
3.5,2,12.8,40.0
11.28,1,9.4,51.8
5.67,3,7.4,44.1
5.58,1,5.3,35.4
11.5,1,12.6,62.2
4.68,2,13.3,46.1
5.42,1,12.2,41.9
4.08,2,14.8,43.6
1.78,2,10.9,31.4
7.57,1,11.1,49.6
5.55,2,3.2,36.1
8.17,3,18.4,58.3
4.99,3,7.7,45.2
2.78,3,15.3,42.3
3.03,1,18.2,39.4
1.67,1,12.8,27.3
3.48,2,14.4,37.6
6.3,2,12.6,49.5
5.8,2,14.4,47.5
3.75,1,11.6,30.6
3.93,1,6.4,24.1
3.5,1,11.4,29.1
3.73,2,5.2,36.1
7.83,2,13.8,59.3
1.73,3,12.7,40.8
6.25,1,16.0,41.7
3.68,2,9.2,34.3
2.81,3,6.9,35.9
4.47,1,13.0,38.6
4.42,1,10.5,31.5
5.56,3,10.4,51.2
2.97,2,8.0,35.8
7.7,1,8.8,41.2
4.46,1,14.5,36.1
7.46,1,11.4,47.4
1.1,3,12.6,39.3
7.87,2,19.3,60.8
4.83,2,16.5,42.4
3.02,2,12.2,30.9
5.15,2,16.3,47.9
3.11,1,9.0,32.6
4.24,3,8.4,44.8
4.93,2,12.6,39.6
11.56,3,13.4,71.7
7.08,1,12.5,46.9
2.98,3,19.3,45.6
4.85,2,6.8,33.0
11.21,1,15.2,68.0
7.24,2,13.8,53.3
13.47,1,14.9,70.5
10.96,2,10.0,68.1
3.54,3,8.6,42.2
1.28,1,10.9,22.5
5.93,2,11.3,44.1
14.38,3,6.6,77.8
7.17,1,14.2,47.4
5.45,2,8.5,39.4
8.6,3,5.9,60.5
6.88,2,13.2,51.0
4.78,2,11.7,43.7
3.21,1,6.6,30.9
3.03,2,9.7,28.9
3.36,1,9.1,28.9
2.64,1,8.4,28.1
3.95,1,7.0,29.5
5.86,1,11.4,42.9
2.84,1,13.6,29.1
6.31,2,9.4,41.3
5.76,1,15.1,43.2
2.15,1,12.8,29.4
2.99,3,17.0,41.1
1.46,3,13.0,38.4
6.46,2,9.7,50.1
2.95,2,12.9,36.1
7.2,3,12.3,51.9
9.68,1,6.7,54.9
2.43,3,8.5,43.8
3.84,1,14.0,35.3
3.42,1,8.9,33.2
7.57,1,14.7,46.4
7.45,2,6.4,45.7
1.76,2,12.3,28.5
5.72,1,10.1,38.2
4.36,2,7.7,42.5
7.65,1,9.5,45.0
2.12,2,9.1,34.1
3.97,2,19.2,40.8
7.52,3,14.7,60.3
13.08,1,10.4,62.3
3.02,2,18.3,45.4
3.18,2,12.0,34.0
6.2,2,11.0,46.3
5.39,2,15.2,40.6
4.46,1,13.0,34.8
2.99,1,11.3,35.4
12.15,2,9.1,63.8
8.71,2,10.6,49.9
3.33,2,9.6,39.6
4.93,1,7.7,35.8
8.8,1,9.5,47.5
8.89,1,9.1,49.0
6.31,1,7.2,36.9
4.49,2,8.4,40.4
12.6,2,15.0,76.5
3.43,2,15.6,34.5
5.08,1,12.3,39.7
3.57,3,8.7,31.4
7.47,3,9.8,53.8
3.37,2,12.0,34.7
7.55,3,15.4,61.3
9.17,1,9.3,49.7
7.2,3,7.3,54.2
2.26,2,8.2,31.5
3.79,2,11.2,42.1
2.93,3,13.3,37.3
4.66,3,16.9,46.3
2.15,2,4.4,20.3
2.6,2,9.2,30.9
4.97,2,12.2,40.2
8.8,2,6.7,55.2
8.77,1,9.5,51.8
3.91,1,5.2,30.0
3.78,1,10.3,32.8
10.43,3,15.0,71.0
11.38,2,18.2,65.3
4.27,3,9.2,45.5
3.68,2,11.3,36.0
3.16,1,16.6,42.0
4.95,2,14.9,45.7
6.69,2,14.0,50.3
3.55,2,14.0,38.0
8.0,2,11.0,54.0
2.67,1,8.1,30.7
7.44,3,10.5,59.3
11.16,1,14.8,59.1
6.21,2,11.8,48.0
3.02,2,14.7,37.7
4.51,3,14.5,50.1
3.8,1,12.9,35.6
6.78,1,13.9,43.5
9.92,1,6.2,46.7
7.97,3,9.8,60.3
6.18,3,13.7,56.3
3.71,2,10.2,36.4
3.83,1,7.5,29.6
5.33,2,11.6,46.2
12.33,2,7.4,60.8
11.98,2,15.8,71.1
16.18,3,13.8,86.6
7.0,2,11.1,46.7
7.54,3,13.8,49.5
2.93,1,10.3,34.4
3.63,2,16.9,46.6
1.98,2,8.9,23.7
3.48,2,16.8,43.0
5.02,1,11.9,34.8
4.61,1,12.5,38.5
2.09,1,9.3,33.2
1.88,3,10.7,46.2
6.89,2,14.0,53.1
2.53,1,11.6,32.7
7.5,1,10.7,43.2
4.95,1,19.3,47.0
3.58,2,8.4,37.6
4.16,1,9.8,36.9
7.27,1,7.3,40.7
3.75,2,4.8,30.4
6.58,1,12.7,46.9
9.29,1,13.0,55.7
11.07,2,8.6,58.9
3.7,3,7.2,38.4
9.25,2,13.9,50.6
4.92,2,8.8,34.4
1.62,1,18.7,32.8
2.55,2,17.4,40.9
2.1,1,13.6,25.2
2.53,2,11.0,32.9
3.92,3,14.2,44.3
1.77,2,5.8,25.1
8.27,2,14.9,59.9
5.24,2,17.8,52.7
10.21,2,5.9,47.4
11.99,2,10.6,67.6
10.78,2,15.0,65.5
11.25,2,12.0,61.6
11.14,2,10.6,63.9
4.22,3,17.4,50.9
4.99,3,13.0,53.1
4.44,1,15.6,40.2
8.64,3,10.3,55.7
6.68,2,12.2,45.3
5.17,3,7.2,48.2
2.35,3,5.6,26.3
4.42,1,8.2,34.0
7.36,3,13.4,65.8
8.05,2,15.9,58.7
2.05,1,7.4,26.0
2.68,2,16.4,37.1
5.85,2,9.3,36.7
5.6,2,6.7,38.8
5.95,2,13.0,51.3
3.51,2,13.3,27.6
5.61,2,9.7,38.5
9.19,1,12.3,49.6
9.48,3,13.5,62.5
3.22,2,13.8,33.4
4.06,3,10.4,46.3
9.71,2,9.4,51.1
4.56,2,23.4,52.1
10.31,2,14.2,56.2
8.62,2,8.3,51.9
4.38,1,13.4,35.3
5.29,1,14.3,34.3
5.66,2,14.7,46.1
4.53,1,6.0,33.9
4.22,2,10.7,42.6
5.42,2,13.8,49.2
1.92,1,15.5,27.8
1.69,1,16.9,35.9
3.11,2,12.7,37.8
4.13,3,8.6,43.5
3.12,1,20.0,42.3
5.88,1,8.0,31.4
3.02,2,12.2,39.2
7.04,1,16.4,43.6
1.79,1,11.6,29.7
3.31,1,17.5,36.4
2.17,1,14.3,33.1
12.71,2,15.0,68.5
1.69,1,17.2,29.5
4.92,2,13.2,45.9
6.25,1,6.7,36.0
1.02,2,16.0,39.3
9.39,2,14.8,58.5
7.48,1,13.1,52.4
2.16,1,13.3,25.1
3.19,2,10.1,38.5
7.03,1,9.1,41.0
2.47,3,14.8,45.2
5.42,1,8.9,34.1
3.41,1,15.3,36.9
4.32,1,10.6,36.2
2.36,3,10.3,35.0
4.5,2,8.2,38.8
5.33,3,10.2,46.0
5.09,2,12.6,39.6
6.29,2,12.5,50.4
8.75,2,12.9,54.9
3.25,1,14.7,28.8
4.66,2,10.7,42.4
8.85,1,12.3,49.4
3.02,3,9.8,39.7
2.57,1,15.6,33.6
4.88,1,16.3,42.8
3.98,2,14.4,38.9
1.95,1,18.7,31.6
6.21,2,10.1,48.6
5.32,1,9.5,34.5
7.82,1,12.0,46.1
3.62,1,21.4,35.1
5.09,2,14.7,47.2
12.94,3,14.3,75.3
10.87,3,12.5,68.2
8.49,3,16.5,67.4
9.13,1,14.4,55.2
5.44,1,17.3,45.0
3.08,2,15.5,45.5
11.08,2,18.4,71.6
3.65,2,5.8,35.6
12.95,3,11.2,73.3
4.7,2,12.7,43.6
6.52,1,7.1,42.8
8.08,1,10.3,43.1
4.22,3,16.4,46.6
7.61,1,14.7,46.9
12.35,1,17.3,62.8
2.85,3,8.9,36.0
6.45,2,17.5,54.0
3.49,2,10.4,40.7
7.6,3,15.6,60.1
6.85,2,10.9,49.7
3.77,1,16.7,40.6
5.0,1,13.6,46.6
8.99,2,11.3,55.0
5.8,2,11.5,45.2
5.92,1,13.6,42.6
6.43,2,19.7,54.5
2.5,1,9.6,21.1
3.89,1,16.6,40.7
3.96,1,14.0,42.0
1.99,1,14.4,26.1
5.13,1,15.5,42.5
11.65,3,16.3,80.1
1.35,2,12.1,35.1
3.75,1,11.5,37.4
2.26,2,10.2,29.0
3.14,1,15.9,36.3
3.89,3,17.5,49.2
7.46,1,17.2,49.0
3.87,1,14.4,32.9
3.9,1,13.1,32.1
6.85,2,10.3,42.5
4.14,1,14.6,34.3
4.55,3,11.4,44.9
1.89,1,10.2,25.1
5.46,2,9.9,40.7
2.7,3,7.8,36.8
5.9,1,13.8,45.4
4.24,1,12.5,30.5
1.45,3,17.8,42.8
3.08,3,11.8,38.1
9.95,2,22.9,73.8
10.85,2,13.9,63.1
4.4,1,11.2,36.0
11.65,2,15.7,69.6
2.59,1,11.4,34.4
2.23,1,17.2,29.3
6.3,2,9.5,45.1
6.77,3,7.9,46.9
4.81,1,21.8,52.4
3.91,2,15.0,38.4
3.49,1,14.3,37.6
1.75,2,10.6,29.7
7.78,1,10.2,50.3
8.51,3,11.4,57.4
3.94,3,13.9,43.8
2.16,1,13.7,33.9
4.96,3,6.1,39.9
1.61,3,17.4,39.5
2.19,2,15.0,44.2
9.83,2,16.7,70.0
6.97,1,7.7,38.4
3.95,2,11.5,38.4
2.71,2,10.4,42.4
4.34,2,12.3,42.6
4.2,2,5.4,33.6
3.99,1,15.8,37.5
2.12,1,10.4,27.5
4.3,1,3.0,27.3
3.91,2,14.6,39.8
4.05,2,8.7,34.7
3.29,1,16.4,37.5
1.16,2,5.3,24.5
7.04,3,10.4,52.2
5.86,1,6.8,38.9
2.64,1,14.3,36.6
14.99,3,7.8,76.4
1.68,1,7.5,17.4
2.21,2,9.3,33.9
3.44,1,9.0,37.1
7.25,2,16.4,48.7
1.35,2,10.5,32.0
9.09,1,10.6,47.5
12.98,2,12.4,74.6
7.75,2,12.7,45.7
17.74,1,12.7,76.7
5.51,1,10.4,37.6
4.64,2,10.6,39.4
2.19,1,10.5,29.3
5.63,1,12.1,45.2
10.38,1,11.8,52.1
6.41,2,17.0,48.6
5.59,2,7.6,48.2
3.34,3,7.4,40.6
9.36,2,12.1,51.8
6.16,1,12.9,32.6
4.38,2,15.8,45.7
1.72,2,14.2,33.4
2.38,1,13.7,35.6
4.43,1,19.7,42.9
12.24,1,16.1,69.5
1.86,2,9.2,36.4
2.79,1,13.8,28.6
6.22,1,9.0,36.8
7.61,2,12.7,51.4
11.62,2,10.3,62.6
5.35,2,10.3,41.7
6.6,1,8.7,44.5
5.09,2,12.3,45.4
5.12,2,13.6,48.5
3.42,2,14.0,36.2
8.91,2,12.8,47.8
14.0,2,11.8,69.6
6.04,3,13.3,49.8
4.3,3,16.6,49.8
3.26,1,8.8,28.3
2.75,2,6.4,28.1
8.65,1,11.4,50.9
4.22,2,10.9,38.9
1.48,3,16.1,38.7
5.85,1,16.4,45.5
4.46,1,17.6,38.4
6.72,2,7.0,52.1
1.86,3,15.7,45.2
3.38,3,18.1,43.7
7.53,1,15.1,42.4
2.95,1,18.2,37.3
3.99,3,16.2,47.2
11.62,2,12.3,62.2
5.76,2,17.4,46.4
7.81,1,14.2,45.1
7.21,3,7.1,57.7
6.87,3,15.1,58.8
14.27,2,8.6,69.7
4.22,3,11.6,41.9
1.76,2,4.8,22.5
5.06,2,10.0,37.9
3.14,2,15.1,38.9
2.21,2,11.2,28.6
6.78,2,5.5,41.8
2.75,1,8.1,28.6
0.95,1,17.4,26.4
5.07,2,11.3,36.3
4.34,1,14.9,43.2
3.68,2,19.6,42.7
1.26,2,13.9,32.4
5.61,2,13.6,50.9
9.35,1,19.1,59.9
2.08,1,4.6,21.6
5.2,1,14.1,39.4
3.48,1,13.9,30.2
2.67,3,15.1,42.0
5.38,1,14.5,42.5
1.72,1,11.3,30.1
8.84,3,8.8,53.9
3.75,3,18.1,51.0
7.01,1,15.7,52.4
3.37,3,6.1,39.0
2.59,1,9.2,31.1
3.82,3,15.7,44.3
7.03,2,14.8,49.2
8.85,1,11.1,54.1
5.46,1,11.6,43.6
6.82,1,11.7,43.9
9.11,1,14.0,49.7
3.95,2,11.2,41.3
4.47,1,11.8,33.1
8.3,2,8.1,49.9
5.82,3,16.9,62.2
4.58,2,9.0,41.9
6.01,1,11.4,42.3
1.93,3,12.3,37.2
5.17,2,11.0,35.1
3.9,1,7.4,32.7
7.78,2,9.3,48.9
9.24,2,10.9,57.9
3.89,1,3.8,21.4
5.73,1,13.0,40.7
5.84,3,21.7,61.6
7.49,2,9.4,52.5
4.71,2,9.3,37.5
6.46,1,12.7,37.2
2.25,2,9.8,31.6
6.02,2,7.6,42.3
20.0,1,11.7,88.2
5.65,3,9.8,48.6
8.42,1,9.9,50.1
7.29,2,14.9,52.5
2.26,1,12.9,26.1
8.57,1,13.9,52.9
1.21,3,17.0,39.5
1.68,2,14.0,34.3
6.09,2,15.2,52.1
5.91,1,12.0,42.8
5.66,1,15.1,42.3
6.29,2,17.9,54.6
20.0,2,10.3,93.8
9.12,1,13.2,52.6
3.02,1,8.1,23.1
5.54,2,11.2,45.2
4.15,3,11.9,45.4
8.26,3,14.3,61.5
2.66,3,10.6,29.4
0.94,1,17.7,23.3
16.85,3,18.1,86.9
8.61,1,15.4,50.8
2.59,2,20.6,40.0
4.31,2,8.8,34.7
6.28,1,5.1,32.8
5.44,3,10.5,45.8
14.0,1,8.9,60.6
5.19,1,8.6,31.5
1.57,1,10.3,24.6
7.45,2,14.3,53.6
2.93,1,16.9,34.4
2.85,2,11.1,31.6
2.99,2,15.6,38.3
8.29,1,12.1,54.3
8.13,1,12.8,48.5
2.83,2,17.7,38.3
3.03,1,12.3,32.4
6.82,1,13.7,41.3
5.52,1,13.0,37.7
3.04,2,8.9,37.6
1.18,1,15.7,33.7
1.06,1,21.5,33.1
5.38,1,12.4,37.0
4.9,1,16.1,45.7
4.23,2,17.7,45.8
1.06,2,13.4,35.0
7.79,3,13.3,53.0
4.81,2,11.4,39.0
4.57,2,7.6,34.2
6.12,2,10.7,38.3
5.94,1,14.9,33.3
3.32,1,15.5,37.8
10.64,1,8.9,52.2
8.55,2,18.7,59.1
4.23,1,6.0,29.8
6.9,2,8.4,45.1
3.28,2,13.1,39.2
5.26,2,8.2,37.0
10.91,1,11.0,61.6
2.93,2,14.4,38.6
6.69,2,8.4,42.6
4.25,3,7.5,36.5
10.2,3,14.9,67.9
8.35,3,18.3,67.8
4.21,1,12.2,33.0
8.58,2,16.9,57.7
3.44,1,5.8,22.7
5.82,2,9.4,37.8
1.32,3,16.7,48.2
5.22,1,14.7,39.8
5.53,2,12.1,44.8
2.07,2,8.0,35.0
4.19,3,5.6,40.4
3.5,1,15.6,40.2
2.3,2,15.8,31.4
1.03,1,12.7,31.6
2.76,3,14.4,43.2
2.25,1,12.0,34.0
6.91,1,10.3,41.2
5.37,1,9.7,36.5
5.87,1,9.9,41.0
3.32,1,9.1,30.8
4.62,2,17.4,46.9
9.5,3,13.8,67.5
1.18,1,12.4,26.8
6.54,1,17.6,48.4
4.9,2,14.7,46.6
3.21,2,12.8,36.4
5.44,2,13.2,44.8
7.19,2,14.5,57.1
4.92,2,9.7,39.1
3.75,3,13.0,44.2
4.9,3,8.5,42.3
10.08,3,10.0,59.2
4.43,1,11.9,32.6
1.98,2,10.0,35.5
3.98,2,13.8,45.7
2.52,2,13.8,32.3
1.99,3,19.8,47.5
5.71,3,12.9,53.4
9.92,1,14.4,59.5
5.83,1,10.2,39.6
5.06,1,12.3,42.4
2.36,2,12.7,39.6
3.11,1,16.4,28.7
7.9,3,13.3,66.5
3.44,2,11.8,39.9
3.45,1,9.7,34.2
5.39,2,12.8,50.9
5.93,2,15.9,52.1
2.92,3,7.4,34.2
4.64,2,17.3,50.1
1.3,2,12.7,36.0
8.49,1,8.0,45.2
2.96,2,11.5,35.8
7.53,1,16.0,39.0
5.93,1,16.2,45.7
1.7,2,9.2,31.1
3.36,1,11.4,28.3
4.03,3,18.1,47.7
7.28,1,15.4,47.9
6.12,3,19.4,54.3
2.92,1,16.5,37.7
1.87,2,11.4,27.9
7.69,1,13.5,49.2
12.26,1,10.1,55.8
4.04,1,13.6,38.0
3.62,1,16.6,34.4
3.95,2,15.0,43.1
3.07,3,10.6,41.1
11.32,1,7.6,48.7
3.33,1,12.9,34.3
2.7,2,3.5,28.5
8.36,2,11.9,53.1
1.88,1,17.9,31.4
3.74,1,12.3,37.2
2.97,2,5.5,29.6
5.81,2,11.9,46.6
2.73,2,10.0,32.8
3.39,1,15.5,33.9
1.54,2,5.7,23.3
6.36,3,12.8,53.6
5.61,1,9.7,36.3
5.1,2,16.2,46.2
4.16,1,13.9,36.9
4.56,1,9.1,35.7
7.17,2,15.4,46.1
5.47,2,11.2,40.6
7.18,2,16.7,52.9
4.48,1,14.4,40.1
2.93,3,15.6,42.4
9.27,3,11.3,57.4
2.76,2,11.0,34.6
1.48,2,10.5,29.1
1.8,2,12.9,38.8
4.19,2,4.0,33.0
8.34,3,18.3,69.7
6.39,3,12.6,54.7
7.71,2,12.6,44.0
10.09,3,6.5,59.1
4.2,1,7.6,32.7
2.86,2,8.0,34.4
7.17,1,14.8,52.7
13.07,2,9.1,64.2
11.74,2,9.0,61.1
3.16,1,15.0,32.2
3.71,1,9.1,32.7
16.18,2,5.0,69.1
15.56,2,3.0,65.6
4.17,2,11.9,36.9
5.97,2,18.7,51.2
4.08,2,14.6,38.0
1.18,1,14.2,33.1
3.81,1,8.0,27.9
5.46,3,18.5,51.0
2.13,3,9.8,38.2
5.68,2,16.8,53.4
1.76,1,21.5,30.4
10.05,2,14.8,61.5
2.87,1,6.5,24.9
5.8,2,12.9,40.5
2.76,2,9.7,28.5
1.5,2,11.9,34.3
1.65,3,15.8,38.9
2.95,2,19.0,41.9
3.64,1,16.5,34.7
4.66,1,11.8,36.2
5.77,2,14.1,44.0
6.67,1,9.6,44.6
7.65,2,13.5,53.7
8.29,1,11.4,50.1
0.65,2,16.0,32.8
4.17,3,15.9,43.2
9.25,2,13.5,66.3
3.27,2,12.5,34.6
3.56,2,11.2,37.0
7.05,1,17.4,45.3
2.85,2,15.4,38.4
4.17,3,16.3,45.6
7.02,1,10.6,44.2
6.5,2,14.7,55.1
16.91,1,12.7,74.2
3.04,3,15.6,43.9
2.77,1,21.8,40.1
3.65,2,15.6,40.7
4.07,1,14.6,39.3
9.71,2,5.4,56.8
4.21,3,10.4,37.3
3.96,3,5.6,42.7
6.29,3,10.0,47.7
5.46,2,16.2,47.0
3.25,1,19.0,34.3
3.17,1,11.9,37.1
5.44,2,4.5,37.0
9.35,2,17.2,63.2
3.11,2,16.1,40.5
2.75,1,11.2,30.7
10.93,1,4.0,51.5
1.9,2,16.6,41.6
16.14,1,11.7,79.7
5.16,3,12.9,47.8
2.77,1,4.2,19.9
2.21,2,8.9,34.7
1.62,2,17.9,39.5
4.36,2,8.3,37.9
5.82,2,14.6,53.8
7.2,3,11.5,50.1
8.47,1,12.5,42.2
1.64,2,14.6,35.3
2.42,2,8.9,32.2
5.18,3,12.6,45.8
13.67,3,12.4,71.3
5.96,2,9.0,40.5
4.12,3,13.3,46.8
4.24,2,10.9,38.4
2.89,1,7.1,27.1
6.56,3,18.3,57.4
3.99,1,15.5,40.9
8.48,1,11.1,47.1
4.23,1,14.0,35.8
1.87,2,6.1,22.8
1.46,3,11.6,39.4
3.88,1,12.9,31.2
3.74,1,13.7,29.6
2.43,2,7.5,33.7
4.06,1,11.4,31.3
5.65,2,13.3,48.2
2.98,1,7.9,28.1
2.25,1,19.8,33.3
2.09,2,10.0,34.2
5.6,2,4.8,36.6
5.02,3,10.6,53.8
2.62,1,17.2,30.3
7.33,1,5.7,37.6
5.29,2,19.3,44.7
1.75,3,15.5,45.9
8.09,1,12.7,46.1
1.75,1,13.4,28.9
3.02,1,17.9,39.1
8.38,3,7.8,47.1
2.42,1,10.8,27.9
6.4,3,10.0,51.7
14.98,1,14.4,73.1
4.6,1,9.8,32.8
8.77,1,10.1,47.4
1.93,2,10.8,24.6
4.38,3,13.2,43.4
5.0,1,15.2,37.7
2.76,2,8.9,33.9
0.61,1,11.8,18.5
4.04,3,12.0,42.7
7.76,1,14.4,42.4
14.99,1,18.0,74.1
6.49,2,9.7,49.3
7.24,2,8.6,47.6
6.72,1,10.7,42.7
4.04,1,11.9,29.2
3.89,3,15.9,43.4
7.49,1,11.8,47.3
11.41,2,15.2,66.5
6.07,1,12.9,51.4
6.5,1,18.5,51.6
1.9,1,13.3,31.0
1.34,3,18.6,43.6
15.98,3,16.4,89.0
5.47,2,6.7,40.4
3.98,2,12.1,35.4
5.33,1,9.8,38.8
3.43,3,9.5,42.8
7.27,3,12.6,52.6
2.38,1,7.5,24.4
8.71,2,14.9,55.5
9.67,2,19.7,63.9
4.48,1,19.7,43.9
5.66,2,13.3,41.8
7.05,3,14.7,56.2
7.09,1,9.3,36.4
7.76,1,13.9,52.0
9.94,3,10.4,62.7
6.66,3,11.7,53.9
4.82,1,12.6,35.8
6.14,3,14.5,54.6
3.05,1,11.6,23.9
1.08,3,18.3,39.9
6.72,1,10.6,41.3
5.02,2,16.1,44.7
8.6,1,13.5,46.6
4.95,1,11.1,42.1
2.81,2,16.9,41.6
10.73,2,13.5,63.1
5.66,3,9.6,46.1
5.66,3,15.8,61.0
4.03,2,9.1,37.7
5.28,1,12.7,35.3
8.67,2,7.5,54.4
6.54,2,13.9,53.7
1.57,2,3.0,18.6
7.68,1,7.4,47.5
6.58,1,10.4,41.6
3.95,1,14.0,41.1
20.0,1,8.5,80.2
4.02,1,16.7,43.2
10.83,3,11.1,61.3
10.98,1,10.9,51.9
6.02,1,5.1,33.4
2.73,2,16.0,36.7
2.29,1,10.1,22.7
8.48,1,10.9,45.4
3.59,2,13.6,36.2
7.96,1,16.4,48.2
5.3,1,12.0,36.9
3.68,2,16.5,40.7
8.17,2,12.2,56.8
4.08,3,10.7,40.4
1.2,2,13.6,34.6
4.01,2,20.4,49.7
3.7,2,14.9,44.3
8.92,3,9.8,58.3
5.42,1,15.4,39.8
4.08,3,15.4,43.5
5.94,2,11.0,48.5
2.55,1,14.5,32.4
3.56,1,14.2,33.3
13.19,2,6.6,58.9
5.84,2,16.0,51.1
11.55,2,6.6,61.1
7.18,2,14.9,53.1
1.55,3,9.2,29.6
4.0,1,10.4,35.4
4.63,2,12.3,44.1
1.64,1,10.7,20.7
1.06,2,14.4,34.7
1.52,2,14.1,36.8
4.78,3,19.7,54.0
6.84,3,10.1,48.4
11.53,1,11.8,64.2
8.2,2,13.6,50.3
12.14,2,10.5,66.0
8.4,1,8.9,49.2
1.16,2,11.1,31.2
4.03,2,12.5,31.1
8.81,1,20.7,55.9
5.02,2,5.2,35.7
11.79,1,11.7,56.5
4.97,1,6.4,36.8
6.78,1,20.9,50.8
4.88,1,11.4,42.2
6.21,2,15.6,50.9
2.38,2,4.5,18.0
7.26,2,14.1,47.0
5.94,1,13.8,47.8
11.33,3,15.0,64.1
3.53,3,17.9,51.9
5.73,1,15.1,44.9
7.67,3,19.6,68.4
5.23,3,12.9,52.5
11.07,2,7.7,57.5
7.38,1,14.9,49.7
7.25,3,14.8,58.2
5.47,1,9.4,38.9
6.88,3,13.4,50.6
3.18,3,13.1,44.2
1.92,1,9.1,32.8
3.05,2,8.3,33.6
2.22,1,19.1,35.0
7.62,2,13.6,54.3
2.21,1,14.3,35.2
2.53,3,17.4,41.3
6.49,2,7.8,39.9
1.61,1,10.4,27.9
7.44,1,13.8,47.7
2.23,1,16.8,33.2
4.82,1,13.8,39.0
14.97,3,12.2,74.1
3.1,1,12.4,29.6
2.16,2,12.3,35.1
9.51,3,14.9,68.6
2.84,2,4.8,29.7
1.19,1,19.1,34.4
7.11,2,8.2,47.8
3.75,1,12.4,31.7
10.35,2,14.4,57.7
9.2,3,7.7,60.6
4.08,1,8.0,28.4
5.01,2,11.7,38.6
4.0,1,11.0,32.2
2.77,2,13.2,29.6
2.29,1,11.6,25.1
1.38,1,14.3,24.1
2.97,2,13.7,42.0
3.44,3,9.1,39.1
6.1,1,11.2,41.3
8.8,2,13.3,58.0
3.14,2,8.1,35.2
8.92,1,6.1,50.3
3.16,1,10.4,30.8
14.73,1,10.1,69.9
1.61,2,6.8,24.3
4.23,3,7.9,39.3
4.36,3,19.0,52.7
3.73,1,14.2,33.7
2.21,1,12.3,29.4
4.25,2,18.3,44.2
2.31,2,18.5,41.8
8.08,1,11.3,46.8
11.45,2,21.0,69.5
4.06,1,8.1,31.0
4.82,3,4.1,39.5
6.19,2,8.6,45.6
4.61,1,15.0,41.9
1.85,3,13.7,35.2
11.43,1,21.5,71.1
5.57,1,19.6,45.9
5.02,2,12.7,42.0
7.4,1,8.9,43.9
4.03,2,7.5,38.5
7.37,2,15.6,51.8
8.52,1,8.7,45.5
3.47,1,12.7,29.2
5.54,3,11.1,51.1
11.35,1,14.4,61.3
2.24,1,21.3,38.2
3.34,3,13.3,42.9
3.74,1,19.7,41.2
6.75,3,11.1,46.3
6.39,2,7.0,42.8
4.37,1,16.2,46.3
4.54,2,3.0,29.9
2.46,1,14.6,33.6
8.16,1,9.5,35.3
6.74,2,10.2,46.9
3.75,2,7.5,31.8
5.95,1,12.0,42.3
10.64,2,8.3,51.6
4.06,2,7.9,32.8
8.53,3,12.0,56.1
3.92,1,16.2,38.0
5.92,2,13.4,48.7
1.11,2,13.7,30.0
1.98,2,6.7,27.2
8.83,2,13.6,55.5
1.72,1,11.1,30.6
11.85,1,13.4,59.9
2.46,2,11.3,36.9
7.1,3,7.6,49.7
9.55,3,12.6,62.3
4.16,2,5.8,32.7
4.37,3,14.9,48.6
3.79,2,18.9,41.4
4.18,2,16.0,41.6
1.92,1,5.1,21.0
1.65,2,8.8,28.8
8.59,1,12.8,53.3
10.93,1,10.3,54.6
3.62,2,11.3,39.9
4.59,1,13.2,43.5
12.3,2,7.2,62.3
4.09,2,13.3,39.3
3.23,2,14.1,36.6
9.49,1,14.9,62.6
8.42,2,7.2,43.8
16.64,3,13.1,87.1
5.66,1,12.2,39.2
6.88,2,15.0,56.4
3.71,1,5.0,28.6
3.22,3,7.8,38.1
7.23,1,8.2,38.4
8.01,2,14.3,51.0
3.87,1,7.8,29.4
6.32,2,4.4,36.7
5.36,1,7.9,39.9
5.25,2,14.2,41.9
5.88,2,19.6,57.6
1.36,2,17.3,34.7
7.22,1,14.6,51.9
12.06,1,6.0,56.0
13.08,3,12.9,72.3
6.48,2,12.0,48.8
4.02,1,14.5,38.2
9.51,3,11.3,66.0
11.73,1,13.6,55.3
3.32,1,7.4,28.8
7.79,1,10.9,50.7
4.48,1,9.5,39.2
3.11,1,17.1,32.2
7.67,3,3.2,51.6
1.36,1,5.6,24.4
7.7,1,12.8,52.1
4.16,2,10.0,41.9
3.04,1,19.1,37.9
6.8,1,13.2,41.6
4.29,1,11.8,34.2
6.29,2,8.9,38.4
19.44,1,13.0,88.9
2.55,3,14.7,43.1
4.42,3,10.8,46.8
11.64,2,11.8,70.3
3.93,3,12.8,47.2
3.03,2,3.0,25.8
3.64,1,3.0,21.4
7.62,2,14.5,50.1
2.37,3,14.6,42.7
3.3,2,13.0,37.4
7.62,1,12.4,47.6
3.04,1,13.8,30.7
10.85,2,9.1,62.3
8.17,3,9.5,48.4
6.43,2,13.9,45.9
3.54,3,7.5,47.1
10.19,3,12.0,67.5
5.76,1,13.7,45.2
2.31,3,8.7,37.6
2.09,2,17.4,40.6
1.59,1,14.1,27.3
2.07,1,12.4,26.3
6.06,3,9.2,54.2
6.8,3,16.6,53.9
3.16,2,9.6,39.1
8.23,3,18.5,56.3
8.93,3,19.3,66.0
3.45,1,11.2,31.3
6.92,2,16.6,50.1
5.99,1,21.7,45.6
5.52,3,14.9,52.8
8.03,1,12.5,50.8
8.87,3,16.3,61.3
9.01,2,11.9,57.2
10.4,1,14.3,53.7
7.61,3,7.9,51.2
4.69,2,10.7,40.6
5.96,2,14.0,54.3
2.58,1,13.0,33.5
11.93,2,11.9,62.1
5.15,3,9.0,47.3
0.76,2,9.2,21.8
2.4,1,14.0,29.3
16.67,1,12.2,80.2
9.83,3,14.4,66.6
8.37,2,11.2,55.9
8.51,2,10.6,53.3
6.99,3,9.1,44.7
5.75,3,15.7,53.2
6.3,1,10.7,45.2
5.32,1,9.1,35.5
6.08,2,16.7,53.0
8.51,2,9.6,53.2
8.04,2,15.0,54.0
3.08,1,17.2,31.6
3.99,2,17.7,51.1
9.14,2,5.1,48.0
7.12,2,10.1,51.4
2.54,2,13.4,32.4
5.6,2,11.8,46.9
6.07,2,9.9,38.9
6.72,2,18.6,56.1
4.81,3,9.0,42.1
3.14,2,5.7,27.7
2.33,2,9.9,32.4
12.19,1,7.8,58.5
2.56,2,10.9,40.2
8.13,1,9.5,46.2
6.33,1,9.2,42.3
5.57,1,5.2,29.8
3.38,2,20.3,44.5
6.4,3,10.9,53.9
9.18,3,7.5,61.2
2.06,2,9.3,34.8
3.46,3,7.8,41.9
3.22,1,14.5,31.5
4.15,1,9.2,36.0
5.37,2,7.2,42.0
7.22,1,14.0,43.0
7.31,3,11.3,49.9
2.81,1,20.6,36.6
13.47,3,5.8,69.3
6.41,1,3.0,34.0
2.69,3,13.7,37.8
9.71,2,10.2,52.4
3.38,2,16.5,36.9
6.37,2,10.4,47.2
3.24,2,15.5,45.2
8.13,2,7.8,59.9
6.73,1,14.7,48.0
5.57,2,6.4,38.5
5.15,3,3.0,41.4
5.41,2,7.4,41.3
4.79,2,8.2,36.7
1.52,1,17.1,31.1
4.46,1,10.9,31.7
4.28,1,14.1,41.0
8.51,2,14.2,53.7
4.37,2,3.6,34.8
5.98,3,15.0,56.6
6.4,3,10.1,45.9
3.19,2,13.8,35.7
17.62,3,13.2,90.4
5.15,2,10.1,42.5
8.99,2,14.3,55.2
2.05,1,7.3,26.4
4.01,2,6.2,38.4
10.92,2,15.8,66.1
8.71,1,9.2,45.3
1.89,1,11.5,32.3
6.25,2,13.6,46.4
5.89,3,15.8,52.5
2.15,2,8.9,34.6
2.79,1,9.1,29.7
13.09,2,16.5,67.5
2.6,1,10.2,29.2
5.62,1,13.9,49.2
6.78,2,13.1,45.9
3.48,1,11.3,33.5
2.13,2,13.0,25.3
5.73,1,12.2,37.5
20.0,1,10.5,85.0
7.09,2,19.4,58.3
4.98,2,15.8,55.5
7.45,1,9.8,46.3
2.87,2,10.2,34.2
5.53,1,7.1,41.7
3.28,2,11.7,36.6
7.18,3,8.4,52.6
4.05,3,12.1,48.7
6.92,3,8.9,52.5
8.43,2,7.0,46.8
13.28,3,8.6,75.1
2.93,1,12.4,30.9
7.79,3,13.9,58.5
3.75,2,13.0,41.2
3.81,2,11.6,36.0
3.29,3,14.6,45.0
2.7,2,13.2,38.2
8.89,2,20.6,69.6
2.59,2,13.1,34.8
6.38,1,11.9,41.5
7.24,1,13.9,50.6
9.71,2,12.1,58.0
5.33,1,12.9,38.1
5.22,1,10.6,38.5
3.67,2,6.6,30.8
1.96,1,17.2,31.4
9.28,2,5.7,50.5
5.13,3,8.2,42.7
10.1,3,14.9,65.1
9.57,2,16.9,66.6
3.21,2,12.3,30.7
4.17,1,9.8,32.8
7.12,1,11.4,43.1
9.43,1,11.9,56.0
6.14,2,10.7,46.4
2.66,1,8.0,28.6
9.19,2,11.5,59.4
4.71,1,9.5,37.3
5.9,2,12.6,42.6
11.75,1,11.6,56.4
4.86,1,9.2,35.6
6.18,2,17.5,54.9
6.25,1,7.4,37.0
2.08,1,7.9,23.7
5.87,1,17.5,47.3
2.71,1,13.0,36.3
1.43,3,12.4,37.3
5.81,1,8.6,40.7
5.91,1,5.1,39.5
2.95,2,9.5,37.0
7.59,2,3.0,44.5
3.41,1,17.1,39.6
4.21,2,12.5,40.9
8.41,2,6.2,57.9
4.38,3,8.0,41.4
4.83,1,15.2,38.2
3.79,2,10.0,37.0
7.05,1,17.0,48.3
5.24,2,13.4,43.8
1.4,2,12.3,38.0
8.93,2,17.6,65.2
3.7,3,15.0,43.1
3.69,3,13.5,45.0
5.7,3,8.6,47.0
4.68,1,21.9,37.6
6.05,1,12.2,40.2
4.67,1,9.7,35.4
5.15,1,12.6,39.5
6.75,3,12.9,52.3
4.66,2,13.8,45.3
4.55,1,17.3,33.0
1.76,3,13.2,36.3
4.68,2,15.1,50.5
1.34,2,13.2,28.5
2.27,2,13.0,33.8
5.87,3,16.3,61.7
4.07,2,4.3,31.4
4.84,1,3.0,26.1
8.81,2,12.1,60.0
4.07,1,6.9,33.7
6.02,2,5.7,45.7
3.73,2,14.4,41.4
1.8,1,9.8,26.0
7.07,2,11.4,42.1
2.59,3,12.7,39.5
7.87,2,8.5,54.2
2.38,1,14.3,34.4
5.44,1,10.5,36.6
4.59,3,9.3,43.0
5.37,2,9.9,49.1
3.88,3,16.8,49.8
2.97,1,11.4,30.7
5.86,3,13.8,55.1
0.67,3,9.3,33.7
3.27,1,10.3,29.9
5.17,3,7.4,38.7
2.2,1,13.4,34.0
4.72,1,11.9,37.2
8.04,2,10.5,45.9
1.43,2,18.0,44.7
5.96,2,10.7,48.2
1.55,3,14.6,35.1
3.62,3,17.0,50.3
2.91,3,10.0,37.4
5.14,2,15.8,45.7
5.87,1,13.5,40.3
3.2,1,14.7,34.0
7.72,2,19.9,57.5
1.06,1,8.6,31.0
3.37,1,7.2,33.7
2.62,2,16.4,33.3
5.03,2,5.5,41.0
4.46,3,8.8,42.4
11.23,3,11.8,65.8
7.75,3,13.2,56.3
1.54,2,12.1,34.7
5.61,2,9.5,38.7
3.6,1,10.5,35.7
6.73,2,13.4,49.9
2.83,3,5.8,41.0
2.01,1,12.5,29.4
3.25,2,3.0,33.0
7.41,2,11.6,39.5
2.95,2,13.5,38.0
5.67,2,7.5,41.5
6.43,1,9.2,37.0
1.26,2,14.8,36.0
4.17,2,17.4,51.7
5.54,2,6.7,35.6
10.77,2,12.9,57.9
3.97,1,13.6,38.4
2.4,2,7.1,29.0
2.21,1,12.3,35.7
8.44,1,14.5,52.0
5.21,1,16.1,46.0
3.08,2,15.0,34.3
5.3,1,18.4,45.4
4.29,2,20.8,47.7
6.76,1,7.8,42.1
11.2,2,12.9,67.1
10.09,2,5.6,51.7
16.12,1,9.3,67.5
2.12,3,8.3,30.7
4.7,1,13.7,42.9
7.64,2,21.7,57.1
2.78,2,6.1,33.9
10.15,1,14.0,54.9
8.68,3,9.9,58.9
9.92,1,15.6,55.6
5.64,1,14.7,42.9
3.89,2,8.3,32.7
4.28,2,8.5,33.4
1.67,2,4.6,30.1
3.35,3,7.3,40.1
5.05,2,13.8,39.6
9.66,3,16.0,64.3
2.73,1,13.6,31.7
5.34,2,8.6,38.9
4.93,2,13.1,45.4
2.08,2,5.7,31.2
3.7,2,7.6,37.1
4.7,2,14.4,39.0
3.12,1,14.0,26.1
7.29,1,11.7,44.9
6.43,2,12.1,48.5
4.93,2,8.6,40.7
3.17,1,17.7,36.1
2.9,3,16.5,42.0
4.76,2,8.0,36.8
8.45,3,16.1,60.5
7.46,2,3.0,45.7
4.11,1,15.2,37.8
11.71,2,17.0,69.6
3.3,3,11.2,40.4
2.36,1,13.2,33.4
3.23,2,7.6,37.3
5.06,2,10.1,39.4
5.55,2,18.8,48.2
7.15,1,16.3,48.0
3.9,2,15.4,42.7
1.47,3,10.3,37.7
4.18,2,9.1,36.9
5.78,1,14.1,41.9
4.77,2,8.1,45.8
4.77,1,9.7,40.1
2.66,2,12.7,46.3
3.47,2,20.5,43.3
7.53,2,6.8,47.1
4.11,2,13.2,40.0
3.89,2,8.6,36.0
2.56,1,15.0,28.1
5.99,3,15.1,48.7
1.67,1,8.3,23.6
5.64,1,19.1,45.2
6.02,2,7.2,40.1
3.2,2,7.2,32.7
1.6,1,10.1,20.8
4.36,2,16.4,41.9
5.11,2,12.4,44.6
8.03,1,15.7,51.4
4.48,2,15.7,42.5
4.74,3,6.8,54.2
3.07,1,6.6,33.2
8.09,2,14.4,56.0
3.12,1,11.4,28.1
5.81,1,14.2,36.0
9.49,1,15.6,52.7
6.24,3,15.2,56.7
7.81,2,14.9,51.2
4.18,3,13.2,49.7
13.2,3,11.9,74.4
2.73,1,19.5,36.8
7.68,1,14.1,47.0
9.86,2,16.2,62.1
2.35,1,18.7,29.3
2.84,2,13.9,34.3
5.81,2,13.8,49.1
6.39,2,10.3,43.8
0.75,1,6.4,16.4
6.13,1,11.5,37.7
2.39,2,12.8,38.4
2.52,3,7.7,38.0
5.71,3,17.3,52.4
10.34,3,15.3,73.6
2.25,1,15.4,32.4
8.19,3,10.6,59.6
3.33,2,18.0,43.2
2.59,1,21.5,39.3
4.43,1,7.5,30.7
2.43,3,19.4,43.8
5.67,1,13.8,39.5
4.26,2,15.2,42.0
3.2,2,6.1,29.4
4.81,2,15.3,46.5
0.87,3,11.7,30.0
6.54,1,11.4,42.1
2.56,2,10.8,29.3
3.45,1,11.0,40.3
4.17,1,10.9,33.2
4.87,2,12.2,42.1
10.67,1,16.1,63.6
5.95,3,10.0,48.1
5.74,1,21.1,46.0
8.09,1,9.4,46.2
7.98,1,12.2,50.7
3.29,3,13.1,46.0
11.36,2,10.9,65.5
4.34,2,10.0,38.6
2.78,2,3.0,30.9
4.68,1,17.4,39.4
4.98,1,7.8,36.5
4.55,1,7.8,35.1
2.07,2,4.6,34.2
4.21,3,11.7,42.4
3.12,3,7.8,44.2
4.2,1,10.7,36.8
5.63,3,16.7,53.6
3.85,1,17.3,39.0
1.92,1,15.6,36.5
5.8,1,12.8,38.5
4.53,3,14.2,49.9
5.13,1,11.3,44.8
2.94,2,13.4,33.2
9.85,2,11.5,55.0
1.51,2,6.7,23.0
4.47,2,18.6,48.6
7.53,2,9.1,41.9
2.46,1,7.4,32.4
1.35,1,11.4,27.4
2.19,1,17.7,39.0
3.01,2,12.4,36.6
4.99,1,8.8,34.6
3.64,1,10.8,28.3
2.48,2,18.9,42.1
3.45,3,6.6,37.9
4.63,2,7.7,39.0
2.91,3,5.0,28.6
6.56,2,13.0,46.1
2.5,1,10.3,28.9
3.51,2,13.4,39.1
3.52,1,13.9,33.9
12.12,1,10.5,59.6
12.71,2,15.2,65.3
10.93,2,11.8,63.0
2.88,3,11.5,38.3
12.27,1,15.4,69.0
3.91,2,13.4,40.8
3.8,1,4.6,31.0
3.86,3,3.0,35.6
6.05,1,16.8,46.6
4.71,2,9.5,38.2
6.4,3,9.3,48.2
1.58,3,13.7,34.7
4.91,1,16.8,41.6
4.99,1,10.7,40.1
2.07,1,15.2,32.6
4.86,1,6.7,30.2
3.64,1,5.4,26.6
4.39,1,3.0,27.2
1.08,3,13.7,32.0
3.73,2,9.8,35.7
6.01,3,11.6,48.3
5.34,3,16.6,61.9
1.44,2,5.6,24.0
1.25,2,21.8,42.2
5.18,1,12.2,36.6
5.57,2,3.4,35.1
4.45,2,16.4,44.7
10.83,2,20.0,68.0
3.82,2,11.5,33.4
4.56,2,9.1,34.2
2.41,3,16.4,46.1
3.03,1,15.6,31.2
1.46,1,3.0,21.9
7.28,1,11.4,41.9
7.66,1,12.8,46.9
10.78,2,5.8,51.0
4.06,1,10.6,32.4
3.71,3,7.9,32.6
6.06,1,11.5,44.9
8.26,1,15.9,57.8
13.93,2,17.8,78.1
4.86,1,11.2,32.8
2.99,3,11.7,42.6
2.26,1,8.5,23.0
1.32,1,10.7,20.6
1.7,1,18.5,34.6
3.95,2,11.6,40.2
1.83,2,6.5,22.8
4.78,1,9.3,37.6
5.55,1,11.1,40.4
10.08,2,13.8,57.5
3.9,1,7.8,30.4
8.6,3,15.9,59.3
6.43,1,13.7,45.0
1.7,2,10.2,34.2
3.59,2,13.4,44.3
8.28,3,18.0,64.5
4.3,1,7.9,29.0
3.81,1,11.0,31.8
8.2,2,14.2,60.3
10.87,1,12.3,55.5
7.31,1,7.6,42.7
3.02,2,10.2,36.1
1.41,2,16.9,37.2
8.94,2,12.6,53.6
3.76,3,10.0,39.6
0.55,2,9.8,24.0
3.67,2,9.0,35.6
10.11,1,8.0,49.2
5.37,2,17.5,50.8
5.48,1,10.9,37.5
1.81,2,16.0,30.2
4.39,1,11.4,32.9
1.93,1,14.1,29.6
3.42,1,12.8,35.0
8.1,2,15.4,53.2
5.67,2,18.7,47.6
5.22,1,12.5,39.8
1.2,2,6.4,25.0
3.31,2,14.4,45.2
6.95,1,19.3,49.4
1.65,1,14.5,31.5
4.77,2,11.5,39.8
4.12,1,12.7,31.6
6.11,1,5.0,35.9
1.71,2,8.6,28.6
3.04,1,14.2,36.2
2.98,1,18.0,38.4
2.6,2,19.1,34.6
10.64,2,11.4,60.7
8.46,2,9.8,50.2
3.84,1,8.4,30.1
2.05,1,8.2,23.9
1.5,1,9.5,20.0
7.63,2,6.8,50.2
6.89,2,16.7,43.9
6.46,2,4.5,40.2
9.49,3,17.8,63.9
5.81,1,16.0,38.8
3.99,2,9.7,32.0
11.32,2,13.1,61.3
8.06,1,10.5,41.2
5.73,3,17.9,54.0
8.94,2,15.4,57.4
2.45,3,15.3,40.7
4.01,1,8.1,23.0
3.59,1,15.9,36.9
5.12,3,9.8,46.6
6.19,1,15.4,42.5
3.77,3,18.5,50.6
2.17,1,10.9,28.2
2.33,3,8.0,31.8
3.16,2,11.1,39.6
1.21,2,18.8,37.1
2.66,2,7.3,33.1
4.3,3,11.9,44.7
8.29,2,11.2,55.9
6.47,3,17.5,58.0
2.13,2,8.5,28.9
6.89,2,9.9,41.2
8.57,2,9.1,49.6
13.53,1,12.7,61.8
3.88,2,8.1,31.7
1.81,1,9.4,27.1
10.12,3,6.9,63.6
6.67,2,13.6,51.6
2.42,2,11.6,37.3
2.99,3,13.1,39.1
5.25,1,4.9,35.2
9.03,1,15.9,50.4
2.04,3,12.3,34.1
3.71,2,18.1,42.2
5.23,2,18.6,47.2
2.95,1,9.3,29.5
6.56,2,12.3,49.2
5.85,3,9.7,48.3
4.18,1,12.0,37.1
1.95,3,13.7,36.8
6.43,3,11.4,48.1
4.99,3,10.6,47.5
9.17,3,18.2,71.0
2.04,1,5.4,24.2
4.29,2,12.0,38.6
3.94,2,8.6,38.7
6.33,1,9.2,38.8
13.69,1,10.8,63.8
8.44,1,12.8,48.9
5.13,3,7.3,43.0
3.24,2,16.2,45.4
4.66,1,10.5,38.2
5.04,2,10.6,44.4
5.36,1,7.6,30.9
11.22,2,12.7,69.2
8.61,2,6.4,45.9
3.16,3,9.3,42.1
5.71,1,14.9,30.8
10.59,1,15.9,59.6
10.13,2,7.0,57.4
9.2,3,5.2,55.0
6.23,1,21.2,47.1
11.47,3,13.0,64.5
5.41,3,11.6,49.7
8.4,2,9.4,54.4
8.98,1,10.8,52.5
3.5,1,9.4,29.5
7.41,1,10.1,48.5
3.11,2,5.7,34.0
2.19,1,11.9,32.8
1.86,3,10.7,38.1
1.01,1,9.4,26.6
9.63,2,8.8,55.0
4.69,3,8.4,44.5
14.27,1,14.2,66.5
4.61,2,10.7,33.5
6.76,2,7.4,43.9
3.41,2,12.9,37.7
2.6,2,11.7,31.5
6.63,1,10.5,39.9
4.14,2,16.6,42.3
7.63,1,16.1,51.5
2.43,3,13.8,39.4
4.77,3,16.3,50.8
4.3,3,19.1,60.4
4.39,3,10.9,40.0
7.64,1,12.7,45.7
6.55,1,8.2,45.6
5.7,1,11.2,36.1
3.44,1,7.8,30.7
7.39,2,12.9,48.3
5.19,2,8.2,38.7
1.24,1,12.3,26.3
6.04,2,9.6,45.4
1.81,3,7.7,35.6
3.4,3,13.5,41.4
4.41,3,4.4,37.7
13.82,2,17.9,75.9
5.69,1,12.5,42.0
3.14,2,7.7,29.4
6.78,2,10.2,45.7
1.04,1,9.3,19.7
6.02,1,10.6,41.8
5.23,2,15.8,51.1
3.86,1,13.3,26.0
2.46,1,8.0,23.8
4.94,2,6.1,38.2
3.86,2,12.1,37.6
2.96,3,14.9,36.6
8.05,1,5.3,44.3
10.76,3,14.0,71.1
6.51,1,12.8,43.5
8.32,3,13.3,56.5
5.27,2,20.0,50.1
3.58,2,13.4,37.5
5.44,1,17.1,42.4
9.91,1,12.3,55.3
2.56,3,18.0,48.6
4.68,2,10.2,41.9
5.79,1,12.1,38.8
0.98,2,12.7,28.1
3.27,1,13.8,35.8
12.54,1,12.0,56.9
3.35,1,5.4,22.9
5.13,3,14.2,51.0
1.4,2,13.9,30.0
4.2,1,18.3,40.8
3.86,1,9.8,30.8
3.72,1,14.5,37.0
4.36,2,18.5,49.2
3.94,1,13.1,34.8
3.71,1,8.1,29.3
2.63,2,7.1,33.2
6.0,2,9.5,47.2
1.8,1,13.2,30.2
9.38,2,7.3,50.9
4.26,3,14.6,52.0
12.11,1,7.3,53.3
5.56,1,13.9,39.6
2.68,1,15.1,32.2
8.24,1,8.9,48.2
3.26,3,17.9,44.1
8.5,1,10.4,45.0
8.08,1,3.0,42.1
2.14,2,11.6,41.0
5.94,2,13.6,46.0
2.46,2,10.0,30.0
4.35,3,14.5,43.8
7.1,3,17.7,63.1
15.91,2,13.2,77.6
5.56,1,14.0,46.4
0.76,3,16.2,35.1
3.17,2,12.2,35.3
5.49,1,15.3,42.4
6.07,3,11.4,48.6
7.53,1,7.6,40.8
5.55,1,13.2,43.1
6.62,2,9.3,43.5
11.18,3,11.5,62.6
3.71,1,11.8,31.1
3.85,3,13.0,47.4
4.44,2,3.5,33.5
2.99,1,11.8,33.9
5.06,2,7.7,38.7
2.51,3,8.0,36.5
2.81,1,16.6,34.9
2.66,3,7.3,36.2
6.35,3,17.2,55.8
2.74,1,9.0,20.4
5.9,3,15.6,57.7
13.76,1,14.5,73.5
18.79,1,9.9,80.7
5.96,2,15.8,51.6
3.19,1,3.0,22.1
3.99,2,12.8,40.2
1.87,2,11.3,36.9
7.4,2,14.9,49.6
4.03,3,9.9,47.5
9.01,1,13.3,55.4
5.77,1,10.9,33.2
7.93,1,14.5,50.0
3.54,2,15.2,44.9
4.15,1,6.6,29.5
1.39,3,19.4,44.7
5.04,1,11.7,32.7
5.05,2,20.6,53.2
2.53,1,9.7,29.3
4.84,3,12.2,51.6
3.69,2,17.7,40.2
4.86,1,10.8,36.7
4.32,2,16.1,46.0
6.75,2,11.0,46.5
6.3,3,12.5,52.8
4.87,2,11.6,46.6
2.27,3,12.9,39.9
11.09,3,20.0,70.6
1.88,1,9.4,25.7
4.98,1,13.2,37.3
7.44,1,10.7,42.4
7.88,1,12.3,50.6
2.87,2,12.1,35.8
4.43,1,12.5,33.3
6.11,1,14.2,39.1
2.77,1,20.9,38.3
3.11,1,6.3,30.1
3.4,3,11.3,43.3
2.71,1,14.0,34.0
1.95,1,17.3,28.4
4.13,2,6.9,37.9
2.63,3,20.8,46.1
2.78,2,14.8,41.7
2.72,1,20.5,42.0
4.79,3,15.6,50.0
6.97,1,12.4,39.4
6.49,3,9.7,53.4
10.04,2,13.3,60.5
5.43,1,13.2,39.6
2.46,1,6.3,21.8
12.23,3,12.5,68.7
5.65,1,10.8,39.3
1.83,1,13.7,28.7
3.46,3,7.5,41.9
6.3,2,8.4,36.5
6.62,3,10.1,50.9
2.7,1,13.2,36.4
1.33,3,9.2,35.5
3.43,2,4.4,26.6
8.57,2,6.6,51.3
6.31,1,15.6,42.9
2.69,1,14.7,30.2
2.88,3,11.1,37.6
2.74,1,14.2,28.4
1.16,1,8.6,21.5
1.77,1,10.2,26.6
3.48,1,10.6,30.0
4.18,1,16.7,36.4
9.21,2,12.2,56.5
2.91,2,7.8,28.6
5.41,1,11.0,37.0
2.03,1,9.6,24.4
8.29,3,15.8,64.5
5.13,3,14.2,49.8
5.77,2,13.6,55.8
9.97,3,9.5,61.2
11.99,1,15.4,67.0
2.88,2,14.3,37.7
4.39,2,5.6,34.6
12.32,2,11.5,59.0
4.94,1,13.3,40.7
6.96,1,12.6,41.8
3.29,3,12.8,42.0
6.43,1,13.4,43.9
11.56,2,15.6,69.7
3.3,2,15.4,33.7
1.97,1,12.5,28.7
2.42,1,8.1,26.3
3.88,2,3.1,28.1
3.39,1,7.8,27.4
7.37,3,10.7,53.6
6.06,1,13.5,43.9
3.44,2,19.9,41.6
2.38,1,14.9,29.7
8.47,2,6.8,52.0
6.09,3,14.2,52.5
5.69,3,9.3,43.2
7.08,3,8.2,55.6
6.29,2,10.3,46.5
9.79,2,15.6,61.5
7.95,2,11.0,49.3
6.77,1,14.7,50.1
7.03,2,11.6,45.3
4.2,2,9.9,37.1
3.48,1,12.1,35.9
3.61,1,18.9,39.0
3.7,1,11.8,32.0
3.25,2,16.4,43.5
3.66,3,17.5,49.9
9.24,1,17.9,56.3
6.22,2,13.0,44.5
3.24,2,15.7,40.7
3.08,2,13.5,36.1
5.08,2,6.9,40.9
3.35,1,9.7,29.1
3.59,3,10.3,46.3
4.29,1,19.2,49.5
2.11,1,7.8,31.6
3.94,1,8.0,31.2
9.39,3,14.3,62.7
4.06,1,14.2,33.7
4.39,2,11.9,38.9
4.21,3,7.5,40.7
1.44,1,3.0,10.1
6.14,2,18.2,49.5
4.41,1,10.3,30.6
3.79,2,13.4,36.4
10.3,3,9.5,61.0
8.74,3,7.8,63.2
5.98,2,9.8,41.6
2.57,3,17.0,52.8
10.33,2,15.0,60.3
5.27,1,21.6,44.6
3.46,1,8.6,31.3
7.32,2,10.4,49.7
2.58,2,11.8,40.3
1.21,1,15.7,29.1
1.67,1,17.3,33.5
5.54,1,8.1,34.9
6.36,2,11.7,42.9
9.38,2,8.8,54.6
20.0,3,8.4,98.7
6.36,3,15.2,57.5
9.89,1,11.8,53.3
5.15,3,13.8,48.9
5.41,2,16.4,45.9
3.46,1,15.0,42.6
2.59,2,20.0,42.7
6.31,3,16.3,55.3
8.45,3,12.6,55.4
4.97,2,10.0,38.4
2.75,3,12.8,40.1
5.38,2,15.4,49.3
5.15,3,13.1,50.9
5.26,1,8.0,25.7
4.08,1,10.7,31.4
14.98,1,8.4,70.2
9.06,3,20.0,71.8
8.35,2,15.8,62.8
8.55,3,7.3,58.9
6.18,1,11.4,43.0
4.1,1,15.0,36.8
6.94,1,13.5,46.6
2.8,1,11.0,31.7
3.69,3,3.0,35.9
12.26,1,17.4,66.5
4.47,1,8.5,33.4
3.06,3,16.5,46.7
4.41,3,16.0,50.8
6.53,2,10.4,47.4
1.93,2,11.2,31.0
4.5,3,12.6,45.6
7.3,1,10.9,46.5
4.21,1,11.6,31.5
8.87,1,11.0,48.3
5.13,1,19.0,45.8
4.78,1,15.7,46.4
2.58,1,7.5,24.3
4.32,1,7.4,25.7
5.67,2,13.6,43.8
2.73,1,15.0,37.6
5.62,2,11.4,42.3
2.87,2,3.0,32.1
3.96,2,18.2,38.1
1.88,3,6.5,27.9
3.59,2,12.2,36.9
6.54,1,9.6,41.4
3.29,2,9.3,39.6
3.33,3,7.4,33.3
6.39,2,8.2,43.6
1.28,3,15.1,41.4
3.53,2,19.5,47.9
1.24,1,12.4,26.4
5.7,1,13.4,42.6
3.4,1,14.4,33.4
5.44,2,15.3,49.6
2.86,1,10.0,32.5
8.1,1,15.6,50.6
6.8,2,11.2,52.2
9.14,2,10.3,54.6
2.15,3,3.0,28.1
8.1,1,11.7,49.6
3.63,3,5.9,41.8
2.17,1,13.6,29.8
2.42,2,13.3,37.0
2.08,2,7.0,27.5
7.54,1,11.9,47.7
5.77,3,10.6,46.2
5.62,3,10.0,44.8
0.85,3,14.2,42.1
5.46,2,13.4,47.4
6.29,1,9.7,36.0
7.33,3,5.1,48.0
5.35,2,14.5,43.4
10.69,1,6.6,53.5
5.59,1,9.5,35.5
3.78,1,11.7,29.7
1.97,2,14.5,34.1
11.68,2,13.6,58.4
8.2,2,10.3,50.2
3.36,3,14.0,38.8
6.99,1,12.8,41.9
7.31,2,19.1,59.0
2.4,1,12.7,34.7
11.02,1,11.1,58.9
5.67,3,6.5,47.7
11.1,1,11.1,48.5
7.73,1,7.6,39.7
1.08,2,4.4,25.9
4.79,3,8.5,46.7
0.88,3,15.7,36.8
3.14,2,15.9,37.8
3.29,2,11.6,39.7
3.5,2,7.7,30.4
4.99,3,9.7,43.8
4.38,2,5.8,31.4
9.19,2,14.0,51.1
7.1,1,14.6,47.3
3.75,3,9.8,45.4
1.93,2,10.7,33.8
3.16,1,11.1,28.5
2.0,1,8.5,27.2
2.04,2,13.2,30.9
5.78,2,7.2,31.0
13.62,1,9.3,61.3
1.39,1,16.0,31.6
6.87,2,9.3,40.7
4.83,1,13.6,37.5
2.82,1,15.9,34.6
10.26,2,14.5,62.9
4.21,3,15.5,53.7
2.88,1,13.0,28.7
10.51,3,15.9,66.2
5.53,2,11.8,45.0
3.06,1,7.0,30.8
10.49,3,11.4,65.5
6.64,1,10.7,40.4
2.53,1,5.5,23.2
3.79,3,13.5,50.5
5.45,2,15.0,49.6
4.28,1,6.5,32.7
3.96,1,7.8,31.5
13.79,2,10.4,73.3
8.13,1,9.6,48.0
6.29,2,16.7,52.4
4.32,2,9.8,37.5
1.2,1,13.1,26.0
5.14,3,7.2,45.0
3.49,2,10.4,30.7
2.88,2,13.8,35.1
3.49,2,8.7,31.2
2.4,2,3.0,27.9
9.03,1,13.5,57.5
7.14,2,13.6,54.2
1.1,1,15.0,28.7
2.5,2,16.4,34.2
3.13,2,8.3,40.0
6.54,1,7.6,40.7
2.9,1,3.7,27.6
5.54,2,13.7,47.3
0.99,2,11.3,31.8
2.0,3,10.3,41.0
3.67,1,18.6,38.1
4.21,2,11.4,42.3
7.0,3,11.6,46.5
4.35,1,9.9,37.3
4.8,2,13.9,46.4
2.58,3,9.5,38.1
4.19,3,15.0,51.3
2.57,1,18.0,45.9
12.73,2,9.8,67.5
3.0,1,16.5,36.1
3.78,3,4.0,34.4
5.89,2,11.7,45.9
8.69,3,11.7,57.5
3.87,2,11.7,42.7
8.08,1,15.3,50.0
3.83,2,21.7,48.9
3.33,3,18.4,50.1
3.09,2,15.3,41.0
4.2,3,11.9,45.8
2.43,1,9.1,28.0
2.84,1,12.2,29.9
3.67,3,10.5,44.0
3.13,1,8.7,30.1
3.75,2,13.0,39.3
3.85,2,17.1,42.2
4.4,1,7.3,38.3
9.8,2,17.4,62.8
12.23,1,13.5,68.1
7.31,1,21.8,57.9
1.66,2,9.5,27.7
4.32,1,16.3,40.8
10.06,3,7.0,58.6
14.26,1,8.7,64.5
1.45,2,12.3,32.8
2.98,1,12.7,38.2
7.37,2,14.8,51.9
5.95,1,7.1,41.2
4.04,1,10.8,31.2
18.7,1,10.6,81.2
3.59,2,11.6,39.9
10.4,2,15.0,63.7
3.86,2,18.3,38.6
3.66,3,5.9,37.3
2.33,1,13.3,26.2
1.65,2,11.2,32.4
6.27,2,12.6,47.9
3.66,3,14.6,43.7
5.89,1,14.0,46.5
8.16,3,4.9,54.7
4.43,1,15.9,38.2
4.58,1,12.7,46.6
3.81,1,8.9,31.8
8.59,3,14.8,65.9
2.16,1,12.0,28.1
0.88,2,3.0,16.7
3.88,1,13.1,39.5
4.26,3,18.1,53.2
5.37,3,12.0,42.7
4.94,1,8.5,35.1
5.42,2,15.7,47.4
6.92,1,9.5,44.3
8.69,2,15.6,59.1
3.06,1,16.9,37.1
7.79,3,12.2,61.9
10.17,2,6.4,52.2
6.55,1,15.5,44.9
3.4,2,13.7,38.3
3.56,2,10.1,37.4
3.64,1,15.7,36.0
4.31,1,12.4,35.1
3.7,2,3.5,28.3
4.91,1,14.0,36.7
2.88,2,9.7,34.9
8.12,1,9.2,43.3
3.37,1,18.0,38.0
2.13,3,9.9,40.3
9.04,1,11.4,52.0
7.08,1,8.4,45.2
2.23,2,9.5,25.8
9.4,2,12.4,55.2
4.15,2,12.8,39.9
6.98,3,16.7,59.1
4.53,1,16.1,40.4
8.42,3,8.0,53.3
7.17,3,11.0,56.0
5.3,2,11.7,44.8
4.03,2,10.7,34.9
7.97,1,10.3,47.5
6.55,1,16.7,43.3
2.49,2,13.4,42.3
4.73,1,14.4,38.5
4.36,2,13.7,42.4
1.85,1,10.7,29.8
6.48,3,6.5,44.7
8.91,1,10.3,43.4
7.67,3,11.1,54.1
5.8,3,13.8,57.0
4.38,1,9.3,36.1
8.73,1,10.3,44.6
3.98,3,9.9,40.6
7.89,1,9.2,48.9
9.34,3,17.6,73.4
3.86,2,16.7,39.7
0.83,2,17.7,33.9
6.37,3,17.4,57.0
3.53,3,7.4,32.8
6.77,2,17.5,55.3
5.48,1,10.7,41.0
5.08,1,14.3,41.1
9.03,2,10.1,51.6
8.41,2,10.8,52.4
12.01,3,5.9,66.7
4.73,1,3.0,27.4
10.04,2,9.8,55.8
4.63,1,10.8,34.9
3.38,2,12.8,41.9
5.31,1,11.7,43.3
5.5,1,14.5,44.2
10.6,2,13.6,62.2
5.37,2,11.9,45.3
12.73,1,10.2,62.3
3.93,1,11.0,30.8
5.72,2,17.9,54.8
1.39,2,9.3,26.7
6.04,2,10.3,45.3
4.03,1,14.4,33.6
0.76,2,11.4,27.0
0.81,3,12.9,38.3
8.06,3,15.7,59.2
2.39,2,10.9,28.8
11.27,1,6.6,45.6
5.15,2,14.8,42.5
6.07,1,3.0,31.0
7.17,2,15.4,52.7
2.44,2,10.1,28.9
4.23,1,9.6,32.7
9.6,1,11.7,49.5
7.05,2,6.8,45.7
4.82,2,5.6,36.5
3.04,1,3.9,21.8
7.57,1,10.5,42.0
5.38,2,9.0,40.6
4.96,1,3.0,30.1
6.53,3,13.9,52.2
6.6,1,9.5,42.8
2.4,1,15.6,30.7
9.53,2,13.0,54.3
9.09,3,13.1,63.7
7.99,2,14.7,50.2
5.93,3,10.1,53.9
4.65,2,14.2,42.6
8.1,1,13.7,48.7
3.18,2,10.9,41.9
2.14,1,18.7,31.0
3.29,2,17.6,46.3
2.87,2,15.2,39.4
4.45,1,12.1,37.1
2.09,2,11.1,36.8
8.07,2,13.2,59.4
2.74,2,12.7,38.0
7.34,3,16.7,61.2
2.43,1,13.3,30.2
5.95,1,12.6,37.9
2.9,3,12.5,37.4
9.26,2,11.8,59.6
5.46,2,17.6,49.4
2.83,2,12.3,33.2
4.85,2,11.6,41.1
6.41,2,17.1,53.5
4.79,2,9.9,39.4
1.53,2,6.5,27.9
5.46,1,15.7,45.0
4.89,3,16.3,55.6
5.2,3,15.6,48.0
8.3,2,9.4,49.9
8.07,1,11.7,48.0
3.81,2,5.8,33.7
4.12,1,11.7,36.8
4.62,3,13.0,41.7
2.29,1,10.3,24.1
9.92,2,14.7,64.5
2.06,1,14.6,36.8
3.04,3,11.9,41.4
5.43,3,16.2,49.1
3.59,2,11.7,32.6
4.91,1,13.3,41.0
6.16,2,17.6,57.6
7.07,1,19.7,54.6
5.74,3,6.1,43.4
1.85,3,10.7,38.2
7.48,2,7.4,41.0
0.61,3,12.5,31.4
2.74,2,12.4,34.9
5.61,1,13.0,38.1
6.82,2,6.5,38.5
6.21,1,12.9,46.4
5.97,1,8.6,40.0
2.1,1,7.4,19.5
7.61,3,11.7,64.0
4.09,1,10.8,39.8
1.39,2,14.1,33.6
6.96,2,9.2,47.1
6.2,1,16.2,39.6
1.51,1,9.6,28.8
3.22,3,7.9,37.4
7.96,1,7.0,46.4
1.72,2,11.0,32.7
2.79,2,19.3,41.9
4.09,3,12.1,43.7
7.75,1,7.9,37.7
1.75,3,7.3,33.8
6.54,2,11.5,47.2
5.93,1,6.5,33.7
7.91,3,22.6,58.3
2.19,1,11.1,23.7
2.41,2,8.9,32.5
2.68,2,13.7,38.9
2.94,2,7.8,39.1
5.23,2,8.8,36.7
7.41,1,9.4,40.6
5.16,1,9.5,36.8
5.14,1,12.1,37.2
4.58,2,11.1,36.3
7.49,3,10.3,56.7
5.13,2,16.8,50.1
4.29,3,3.0,35.5
3.14,1,15.7,32.9
9.57,1,7.5,53.7
3.49,3,16.5,45.9
8.62,1,12.9,45.1
1.76,1,5.7,22.4
7.19,2,7.1,38.0
5.77,3,10.7,49.0
3.79,2,6.3,32.7
3.95,2,9.0,35.7
2.85,3,17.9,44.9
2.16,2,9.7,36.4
7.1,3,12.9,52.4
8.43,1,10.7,45.3
6.8,1,12.2,43.6
4.36,1,12.4,36.0
2.26,1,16.1,32.6
3.48,2,18.5,44.5
4.75,2,15.2,43.8
13.65,2,3.5,59.0
0.97,1,8.8,20.5
3.89,2,17.7,48.0
6.32,2,14.2,50.0
6.27,1,13.8,46.1
7.42,3,15.4,55.1
3.11,1,9.5,34.6
3.94,1,8.4,34.6
5.69,2,9.0,40.1
5.77,3,12.2,47.4
6.34,2,13.5,47.2
5.32,1,16.3,48.7
8.65,1,14.3,56.7
3.66,2,10.9,29.6
3.96,1,15.5,42.0
11.98,2,9.1,67.5
5.18,2,13.7,42.7
2.66,1,11.4,32.0
4.18,1,11.9,34.2
12.91,1,10.3,63.1
6.33,2,12.9,50.6
1.46,1,7.8,20.9
8.02,1,10.1,39.1
11.23,3,13.1,72.3
4.41,3,15.0,49.8
3.87,1,8.2,24.5
9.26,2,16.2,64.2
7.55,3,15.9,63.3
4.95,3,14.8,45.5
10.52,2,14.9,64.5
5.38,2,15.9,45.3
7.24,1,11.3,44.3
5.19,2,5.6,41.9
6.8,2,8.4,46.6
2.72,3,15.9,45.2
5.17,2,10.8,41.1
0.77,3,17.6,41.8
7.96,1,15.9,53.3
2.94,3,10.5,44.1
3.69,2,17.2,48.5
4.37,3,3.0,35.8
2.0,1,15.9,32.8
4.95,3,14.2,43.7
7.93,2,11.3,55.9
9.87,1,9.2,46.2
2.6,1,8.7,28.7
6.47,1,8.4,33.6
10.24,2,12.9,61.3
4.47,3,11.1,38.7
0.79,2,8.8,27.5
5.07,1,9.2,37.1
8.85,2,15.1,55.3
6.16,1,12.2,46.0
2.41,2,10.1,35.3
3.82,1,16.8,34.2
2.5,1,14.2,28.6
2.88,2,9.9,39.0
1.52,2,15.4,29.7
2.4,1,9.6,31.9
4.57,1,11.7,37.8
4.28,2,15.1,38.7
7.29,1,15.0,43.9
6.01,1,9.8,40.4
2.22,3,17.9,44.7
6.54,1,15.1,44.8
6.26,1,14.9,48.2
3.34,3,12.9,46.4
7.39,2,11.0,45.9
4.32,3,11.3,41.4
0.94,1,18.6,27.7
11.15,2,14.1,61.6
4.71,2,10.1,37.5
9.87,2,11.6,59.9
5.52,2,7.5,32.5
5.55,2,10.6,47.7
4.43,1,3.4,30.4
4.67,3,5.2,38.4
6.41,1,8.7,42.1
6.05,1,20.6,50.5
10.31,1,11.6,52.6
3.79,3,13.9,50.7
3.36,1,10.1,30.2
3.3,1,20.0,39.0
2.44,2,14.8,38.9
3.26,1,10.0,27.7
1.95,1,10.5,31.2
8.25,1,12.1,53.0
5.78,3,8.0,43.3
4.65,3,11.1,48.9
4.12,2,13.9,46.5
4.49,3,6.0,41.0
5.07,2,16.9,52.2
4.47,3,17.0,55.9
3.13,1,12.7,33.6
5.25,1,14.7,45.4
8.09,2,13.1,58.3
10.25,1,10.0,52.4
4.34,1,15.5,37.7
3.8,2,13.1,46.8
9.16,3,10.8,57.7
4.17,1,6.8,35.6
7.41,1,10.0,43.2
2.72,1,16.4,36.9
5.88,1,14.8,43.5
7.49,2,10.4,47.4
8.43,2,17.5,60.8
6.52,2,11.2,49.2
2.91,3,11.9,38.9
1.11,1,11.6,26.6
7.66,3,6.4,49.8
4.94,1,13.5,39.9
4.77,2,15.7,41.9
4.88,2,11.4,38.9
2.5,3,21.7,54.2
6.09,2,7.1,45.8
4.34,2,13.0,41.1
6.33,2,11.0,47.5
6.21,1,14.5,44.5
8.13,1,12.7,48.8
4.51,2,14.0,48.5
2.57,1,9.1,28.7
4.77,2,13.7,41.8
3.04,3,15.0,39.1
9.39,3,11.5,56.3
5.95,1,5.4,40.6
1.65,3,5.5,33.0
7.96,1,7.7,46.8
2.95,2,11.9,38.3
5.67,1,6.3,32.8
3.86,3,11.4,41.9
4.07,1,12.0,34.2
4.72,2,7.5,30.5
4.45,3,14.6,42.4
2.35,3,7.4,33.3
1.89,1,13.0,25.3
4.45,3,19.2,51.2
6.97,3,6.0,50.3
1.93,2,11.3,39.1
9.97,3,17.0,72.8
4.03,3,12.0,41.8
8.47,3,8.4,52.2
4.55,2,11.2,42.1
19.14,1,6.0,76.9
9.33,2,10.4,55.9
8.77,2,12.3,55.5
7.69,1,9.4,46.0
1.72,1,11.0,19.6
1.77,2,4.5,26.3
4.95,2,16.9,41.2
7.08,3,9.7,55.5
6.68,1,12.3,41.9
3.37,2,11.1,34.3
4.14,2,11.2,41.6
4.71,1,13.2,40.6
12.3,2,13.6,67.6
6.2,1,10.7,43.6
2.65,2,8.5,28.1
3.13,1,16.6,37.4
3.01,2,5.4,32.4
5.68,1,14.9,41.7
6.28,3,7.4,50.7
6.11,1,10.2,42.5
2.84,2,13.8,43.4
1.22,1,12.2,24.7
5.93,2,10.6,41.2
4.69,2,14.4,41.8
6.76,2,12.7,50.6
2.55,2,9.6,34.1
7.6,1,10.3,45.2
8.97,2,7.2,47.6
13.02,2,11.9,67.9
6.5,3,20.0,63.8
2.74,1,13.5,34.7
4.46,2,14.3,40.2
10.98,1,10.4,57.0
6.26,2,5.4,39.1
7.99,1,10.2,46.2
2.83,1,13.1,29.6
6.56,1,8.5,37.9
6.44,1,7.3,36.1
4.85,3,11.7,46.0
6.78,2,14.5,47.6
3.19,3,8.8,42.2
9.46,1,19.0,57.7
8.36,1,9.7,48.8
15.13,2,11.2,74.7
5.58,3,7.0,44.7
12.85,1,15.3,61.1
4.35,2,4.6,29.7
2.25,1,11.1,27.1
3.4,1,12.9,29.2
5.16,2,14.3,47.5
9.06,2,14.2,56.0
5.99,2,7.7,38.6
6.61,2,14.1,48.9
1.31,2,10.4,30.6
10.99,3,3.5,58.4
4.08,1,20.0,48.6
4.5,2,13.4,46.3
7.24,3,14.4,56.9
2.26,2,15.9,35.1
2.13,1,11.6,23.3
2.05,3,9.5,37.7
5.29,2,13.9,48.9
2.32,3,15.8,42.1
3.08,1,17.2,33.7
9.18,1,7.1,46.3
16.53,1,15.9,75.7
2.68,2,5.4,29.0
11.67,2,14.3,67.9
5.58,1,9.6,36.5
5.33,3,14.8,53.0
7.47,3,15.3,61.8
7.83,2,14.1,50.1
5.62,1,15.6,39.6
6.97,2,15.2,52.2
5.86,2,12.8,36.5
3.22,3,17.7,50.5
4.93,3,11.9,46.1
4.52,2,9.7,39.5
6.1,1,13.0,44.6
1.49,1,9.1,17.5
8.78,1,12.1,53.8
13.76,2,12.1,72.8
9.34,1,19.0,49.5
4.8,3,19.6,50.2
10.34,1,6.7,57.5
5.61,2,8.6,44.0
3.31,1,15.5,39.4
4.99,2,13.5,43.9
1.67,3,19.4,47.5
5.21,2,16.1,41.2
6.1,3,11.7,48.0
9.03,2,23.1,71.7
3.07,2,6.3,34.9
3.59,1,14.3,34.5
3.33,2,17.2,44.3
1.59,3,15.1,37.2
2.05,2,9.4,26.3
5.31,2,7.4,42.7
3.83,1,15.6,36.2
12.05,2,11.2,65.3
6.54,1,11.8,44.5
2.88,1,13.7,34.0
7.93,1,11.7,51.0
5.14,2,18.4,47.2
3.58,2,17.7,41.8
3.59,1,6.2,30.7
9.7,3,14.4,69.0
2.33,1,11.8,25.1
1.87,3,6.4,27.4
3.31,1,13.0,30.8
6.53,3,12.6,53.8
4.19,2,9.0,38.4
4.26,1,13.6,33.1
4.53,2,17.7,47.4
4.51,1,9.1,39.2
1.74,3,7.6,25.6
4.14,1,9.5,33.8
4.99,1,13.8,39.9
11.04,1,18.4,61.4
3.34,2,9.3,36.9
3.95,2,8.5,39.1
0.92,2,8.7,22.4
6.23,3,9.5,49.9
2.83,2,19.2,44.6
5.42,3,15.6,51.9
2.73,2,3.0,29.0
13.22,1,9.8,64.2
12.27,1,12.2,65.6
3.48,2,8.7,37.3
10.45,2,10.1,61.0
4.18,1,10.2,38.3
3.89,1,13.1,35.9
2.82,2,18.1,47.3
5.07,3,3.0,35.6
5.6,2,13.0,46.7
7.25,2,18.3,56.7
2.41,2,13.4,36.8
3.27,1,11.6,29.8
7.92,2,14.3,55.6
2.94,2,16.2,36.8
7.59,3,16.2,58.4
1.56,2,14.3,30.7
5.46,3,6.6,47.2
4.42,2,13.8,42.9
2.36,2,16.0,34.5
5.1,3,8.4,39.3
6.81,2,3.1,39.8
9.4,1,13.5,53.5
7.43,1,16.4,56.3
2.13,2,6.8,32.4
2.76,3,15.4,38.3
3.71,2,8.2,39.3
2.65,3,11.2,41.8
2.0,1,15.1,38.7
3.59,1,7.1,33.3
8.9,1,14.0,56.9
3.32,2,9.8,33.8
2.88,3,17.7,43.1
1.81,2,10.3,32.8
3.66,2,12.6,41.2
10.25,3,13.4,69.6
3.44,1,9.8,23.9
3.82,1,11.6,32.0
7.49,2,10.6,44.5
2.79,2,16.7,43.4
5.14,2,9.5,43.0
2.25,2,10.2,35.8
5.54,2,9.3,42.3
11.06,2,10.7,53.9
7.63,2,14.2,53.7
5.13,1,11.1,38.9
6.32,2,10.7,44.1
4.16,2,9.6,39.4
6.25,1,11.0,40.4
8.29,2,15.0,58.1
6.42,1,10.5,38.1
4.05,2,16.1,38.5
4.54,1,20.9,47.5
4.54,2,11.6,50.7
3.96,1,18.1,35.3
4.5,3,6.3,37.8
1.74,2,10.6,32.3
1.6,1,14.9,28.2
3.31,2,14.0,43.0
7.19,1,8.6,41.5
5.46,1,15.0,44.7
1.01,2,22.7,36.6
5.21,2,15.0,44.1
4.59,2,7.6,38.3
2.41,1,8.8,24.9
1.44,2,9.2,22.1
5.45,2,13.0,48.2
7.66,3,18.7,69.1
3.1,1,15.7,32.5
11.26,2,20.5,65.2
5.96,2,13.2,53.1
3.85,2,14.1,41.1
8.79,2,18.7,64.8
3.37,1,12.5,33.5
4.4,1,18.4,46.3
1.76,2,17.3,34.7
3.67,3,8.4,47.5
5.18,1,10.9,34.2
6.81,2,11.4,51.1
7.65,3,10.9,58.5
3.09,2,13.1,33.5
3.04,1,9.3,31.6
7.08,2,17.8,53.1
6.02,1,14.8,45.4
4.52,3,15.5,51.9
4.57,2,15.6,37.8
4.98,1,7.6,36.9
1.54,2,15.6,30.8
7.42,1,9.4,46.2
5.35,1,19.4,50.1
2.85,1,6.2,23.0
2.77,1,16.9,29.0
2.88,2,8.6,34.7
4.59,1,12.2,40.3
2.49,2,15.2,35.4
6.67,3,7.7,48.2
5.63,1,10.2,39.2
5.36,1,14.6,45.8
5.64,2,6.6,36.9
3.43,2,3.9,29.1
2.13,1,13.5,28.5
6.67,3,15.7,52.2
8.75,2,18.1,58.2
2.37,1,13.9,31.6
4.23,1,13.3,37.6
2.73,3,16.4,50.1
2.03,1,12.5,31.5
3.21,2,14.5,37.1
7.3,1,3.0,36.4
3.48,2,12.1,36.8
8.55,2,8.6,40.0
6.78,3,8.1,52.7
4.16,1,12.4,37.8
1.88,2,11.2,31.1
2.78,1,18.9,42.9
4.79,2,18.7,46.4
2.09,2,15.6,33.6
2.05,2,20.0,37.2
2.76,3,12.5,42.8
8.02,1,4.7,45.4
8.26,3,7.1,57.9
7.57,1,14.1,42.8
7.78,2,12.5,54.1
8.93,2,12.3,48.4
11.19,1,11.7,57.3
8.87,3,4.2,46.2
10.99,2,13.7,64.4
9.73,3,13.8,66.4
2.2,3,14.7,47.1
5.96,1,10.7,38.4
1.77,2,10.2,33.7
4.78,1,14.3,38.6
5.69,2,4.0,38.0
3.63,1,10.8,27.2
6.64,2,10.7,40.6
10.16,2,17.5,71.0
7.38,2,17.8,52.3
3.83,3,18.6,49.0
4.75,2,11.7,41.8
2.93,2,9.8,32.7
7.16,1,12.9,47.0
0.83,2,15.1,35.6
2.17,1,11.1,30.2
3.52,2,3.0,34.5
6.55,1,13.5,56.2
6.19,2,10.5,46.2
3.72,3,5.3,41.0
5.58,3,8.7,49.1
8.0,2,11.1,50.7
3.03,1,9.9,33.1
6.25,2,11.0,44.2
6.85,3,12.2,49.7
5.11,1,7.9,36.6
3.85,1,14.3,41.5
8.56,1,10.4,43.7
8.58,2,6.1,52.0
1.66,2,7.8,30.9
7.86,1,8.4,41.5
5.22,2,15.3,43.7
3.44,1,12.5,23.6
2.49,3,10.4,37.0
4.79,2,12.1,45.2
6.06,2,10.0,48.7
10.06,2,10.5,65.9
3.78,2,14.2,42.5
10.81,2,12.8,60.7
6.21,2,11.9,50.7
3.48,2,11.6,41.6
5.39,2,10.4,34.5
3.33,1,14.6,35.9
3.74,2,11.4,36.5
12.75,3,14.1,81.9
4.28,1,5.1,30.9
2.36,3,17.1,47.3
4.41,2,10.3,37.5
9.83,1,7.6,49.0
3.66,2,15.1,34.5
8.77,1,17.1,53.5
2.52,1,16.4,41.1
3.52,1,14.7,37.4
5.57,1,11.9,37.4
7.14,2,11.7,46.2
2.53,2,17.8,43.3
8.47,1,10.7,48.8
7.61,1,14.6,47.9
4.24,2,16.3,42.4
4.63,3,15.6,53.1
4.06,2,4.2,26.6
4.19,2,12.1,38.2
4.71,3,3.0,37.2
5.58,2,15.7,46.0
9.3,2,14.8,62.7
4.01,2,10.4,41.6
2.6,1,6.8,23.1
8.6,3,9.4,59.4
5.89,1,7.9,35.6
4.3,3,13.6,44.2
6.34,1,11.8,39.6
7.69,1,18.8,50.5
3.3,2,8.5,35.4
4.72,1,6.3,31.2
2.75,1,20.0,34.0
8.65,2,8.9,45.2
4.17,1,6.0,30.7
10.03,2,14.3,64.3
11.27,1,18.1,60.5
6.06,1,12.3,43.4
8.71,2,13.8,60.6
2.89,1,15.0,32.0
5.64,2,9.3,46.2
5.14,2,12.3,42.0
9.72,1,15.4,55.1
2.71,2,10.4,30.3
5.43,3,19.7,53.6
1.36,1,6.5,19.7
6.27,3,8.0,55.6
4.24,1,10.2,30.9
4.96,1,9.1,35.6
3.01,2,10.5,34.7
5.69,2,14.6,46.0
5.12,1,19.2,42.7
2.32,3,5.9,32.4
10.29,1,8.9,48.5
9.28,1,6.4,41.7
10.45,2,12.3,58.2
7.18,1,9.5,46.8
6.24,3,8.7,48.7
5.1,2,10.1,39.0
2.58,2,13.3,40.7
8.69,1,8.7,46.7
4.25,1,12.0,35.3
11.12,3,6.8,60.4
2.97,1,18.5,40.3
7.88,3,11.8,55.1
6.62,1,17.6,44.0
1.42,3,19.6,35.1
4.68,3,12.6,43.0
13.47,2,6.0,64.6
4.84,1,13.7,36.9
5.55,1,7.8,32.4
1.69,2,15.0,35.0
11.14,3,9.0,63.8
3.2,1,14.3,29.8
4.02,3,13.5,44.8
4.2,2,6.2,34.6
3.52,2,17.9,39.6
2.61,1,23.5,41.3
4.39,2,8.2,45.1
5.07,1,11.8,36.6
6.34,3,8.2,52.4
6.38,3,12.3,52.8
11.77,3,12.3,67.5
1.32,3,13.7,38.9
6.69,2,15.4,53.2
13.39,3,14.6,81.0
2.45,1,8.4,30.8
3.36,1,4.0,30.0
1.18,3,11.5,33.6
5.11,1,11.5,35.4
7.61,3,14.9,62.2
7.75,1,18.1,46.0
5.83,1,13.3,43.9
3.07,1,10.3,32.2
5.73,2,12.4,46.7
4.01,2,10.4,32.0
2.71,2,12.6,32.5
16.77,3,9.5,76.4
4.75,2,13.8,46.7
3.19,3,8.9,36.2
7.18,2,7.0,43.9
5.21,3,12.8,50.8
4.11,1,13.7,39.7
9.19,3,13.9,59.6
3.34,2,7.3,31.5
8.12,1,5.2,41.2
3.17,2,6.2,34.2
5.89,2,17.1,52.1
4.6,2,15.4,50.1
6.08,2,14.1,46.0
7.04,2,17.5,50.4
1.34,2,16.2,30.8
5.0,1,17.1,43.5
3.7,1,12.2,34.2
15.33,1,19.4,80.3
1.03,1,18.1,27.2
1.94,3,8.4,28.5
8.83,2,15.4,54.7
3.06,2,18.4,40.0
6.15,3,21.7,63.4
7.01,3,10.4,51.3
2.04,3,13.8,41.6
6.58,1,13.7,45.1
2.18,1,8.7,25.1
7.29,2,11.5,49.2
3.62,3,12.8,39.3
7.99,1,6.7,44.6
5.29,1,13.3,44.8
5.23,2,9.9,42.4
9.36,3,8.7,54.8
4.88,1,8.8,32.6
3.41,2,15.3,36.6
3.81,1,16.1,38.4
7.41,1,10.7,41.5
9.16,2,11.2,56.1
3.14,1,3.3,27.7
4.36,1,11.9,33.4
9.09,2,18.6,51.4
8.85,1,14.1,55.7
2.3,1,16.4,32.8
5.3,1,12.6,39.4
4.43,2,9.3,48.2
5.55,2,11.9,40.8
11.7,3,17.0,73.9
6.07,2,15.3,45.5
10.58,2,8.6,58.8
7.8,2,8.9,54.3
7.18,2,14.8,50.3
7.87,1,13.6,49.6
7.9,3,18.6,61.1
2.56,2,8.6,29.0
8.45,2,4.5,51.1
6.04,3,12.2,49.2
0.84,2,6.2,21.1
2.91,2,10.3,36.5
8.13,2,10.7,54.1
9.02,2,12.4,58.1
1.48,2,21.0,35.2
7.11,1,15.1,42.2
0.99,2,10.9,30.9
6.45,2,9.3,50.9
7.25,1,17.1,45.6
9.0,2,11.8,56.0
4.89,1,7.2,32.6
2.34,2,13.8,36.8
13.01,3,8.2,75.6
7.07,2,14.5,50.2
6.02,2,19.3,53.8
4.42,1,8.0,33.2
11.93,2,13.4,64.7
1.29,2,10.7,32.3
10.12,1,10.9,55.9
4.51,2,16.5,45.5
5.73,2,3.6,41.0
6.06,1,9.2,36.0
4.79,1,17.6,41.5
2.16,2,9.7,29.0
1.52,2,7.5,29.1
4.95,2,10.5,41.5
1.63,1,12.9,31.0
7.66,2,13.7,56.6
5.47,3,15.6,55.2
9.55,2,17.9,64.7
4.0,3,15.3,49.5
4.72,2,14.3,49.8
2.51,2,14.5,31.3
6.3,1,8.0,40.9
7.63,3,14.7,58.9
5.43,1,17.7,39.8
8.54,2,10.3,51.0
12.38,3,14.6,70.4
7.59,1,15.9,50.4
3.24,2,12.6,39.4
2.3,2,13.0,35.7
9.51,1,8.2,45.0
10.26,3,9.8,60.2
2.9,2,14.3,37.9
2.5,1,19.0,33.6
6.9,2,8.3,42.0
7.43,3,17.8,54.9
7.14,1,11.5,43.4
1.66,1,8.8,27.1
14.51,2,3.4,64.1
10.53,1,11.0,55.2
7.6,1,14.0,43.1
7.02,3,7.0,47.3
12.41,2,11.8,71.8
5.65,3,12.4,45.4
3.85,2,14.3,49.3
2.98,1,13.5,30.8
10.73,2,12.4,55.6
3.19,1,15.6,34.8
7.86,1,14.1,49.0
4.17,3,11.3,46.5
7.07,2,10.8,51.7
7.45,2,11.4,48.8
7.68,2,3.3,45.3
11.38,2,12.4,65.6
3.09,2,8.8,37.0
4.72,2,15.4,50.9
5.1,1,12.6,41.6
8.79,2,13.6,56.7
1.48,2,9.2,30.0
8.87,1,13.8,54.5
7.76,1,12.0,42.1
2.06,3,5.3,35.3
2.32,2,5.0,27.5
3.76,2,5.4,30.8
5.39,1,13.2,43.9
6.25,1,13.6,46.9
5.77,2,12.2,41.4
5.71,1,15.2,41.7
1.62,2,15.1,32.6
2.55,2,6.6,23.4
2.08,1,8.7,28.2
3.67,2,11.0,37.9
5.85,1,14.2,36.6
4.56,1,14.5,41.2
8.97,1,9.1,53.0
4.96,2,17.8,46.0
1.7,1,13.9,27.7
6.85,3,13.1,55.1
14.76,1,12.1,74.3
3.67,1,13.6,31.8
4.6,2,4.6,37.0
2.49,1,8.9,30.9
1.85,2,9.2,30.4
6.61,1,14.5,45.0
12.69,3,14.3,72.1
7.01,1,10.7,40.9
5.07,1,27.4,51.2
13.09,3,3.0,61.6
6.67,3,8.9,51.6
6.78,1,19.8,58.9
3.79,1,15.2,39.7
1.81,3,5.4,29.0
1.91,1,15.3,30.4
6.69,2,13.9,48.5
10.27,1,17.1,53.8
4.28,3,17.0,57.6
7.83,2,12.1,43.4
6.02,2,9.6,42.2
3.23,2,10.4,34.8
2.72,1,10.8,26.2
3.12,2,7.2,36.2
3.61,3,12.3,40.8
5.39,2,11.5,39.8
3.83,1,9.2,32.6
1.48,1,3.0,18.4
4.33,3,13.9,40.0
6.25,2,8.4,41.4
5.67,3,8.9,46.0
4.38,2,15.8,52.5
9.05,3,8.3,57.6
8.42,1,16.0,61.9
2.85,2,11.3,32.4
5.59,1,4.3,29.9
3.92,2,11.0,40.6
6.13,2,9.3,49.4
3.12,1,12.4,25.4
4.51,1,10.8,35.9
4.77,1,13.2,33.7
1.07,1,14.8,29.4
3.77,2,12.5,36.0
7.0,1,16.6,49.7
3.35,3,7.9,38.8
11.93,2,11.7,61.4
2.55,1,13.3,36.7
2.22,2,13.2,37.9
3.96,2,18.8,43.1
3.55,1,10.8,27.9
2.35,2,14.9,34.9
9.51,2,11.5,53.3
7.77,1,12.2,45.1
4.5,2,6.9,41.4
10.54,2,12.0,55.4
2.12,3,9.6,38.2
7.3,3,21.1,67.1
3.59,3,9.6,39.2
7.38,2,14.6,55.5
2.36,2,18.0,43.5
10.96,2,15.5,74.1
5.29,1,8.9,34.2
3.46,1,9.8,32.2
7.43,3,17.8,59.1
5.7,1,7.1,31.5
0.77,1,12.2,27.5
3.68,1,16.9,43.2
1.55,2,5.3,22.2
4.24,2,8.7,35.1
1.26,3,8.1,25.6
7.6,3,9.7,54.4
6.61,2,14.3,53.2
5.14,2,7.9,37.5
6.81,1,9.3,42.1
5.79,3,16.3,52.6
3.92,2,15.9,39.6
2.5,1,10.4,26.6
10.46,2,8.1,61.5
6.79,1,6.9,44.2
2.53,1,13.1,30.7
2.44,1,12.0,27.5
3.36,2,14.6,33.6
5.2,1,12.8,42.4
3.71,1,13.2,38.4
3.65,1,5.8,24.9
5.49,2,14.6,47.8
2.32,2,4.5,28.6
7.69,1,17.9,53.1
3.73,1,6.3,35.4
5.47,2,10.4,42.0
7.72,1,7.4,46.4
2.5,2,17.0,44.3
5.02,2,11.4,46.1
4.09,3,14.6,48.0
6.19,2,14.3,51.1
1.47,1,7.7,23.1
2.3,1,8.7,31.9
1.58,3,7.0,38.9
1.91,2,8.5,27.0
5.47,3,14.6,53.7
5.7,2,13.6,46.5
4.01,1,14.4,34.9
10.4,1,8.3,48.6
6.38,3,7.9,58.6
3.24,3,16.3,48.5
1.85,2,13.1,32.4
7.63,2,12.7,55.0
7.96,1,11.3,46.0
3.47,2,14.0,43.9
3.59,1,16.5,37.5
8.08,2,10.6,46.1
11.11,1,9.6,58.0
11.34,2,6.1,60.3
7.99,1,10.7,40.0
10.63,2,7.6,59.5
11.3,2,5.5,58.9
9.83,3,12.7,65.1
8.22,1,12.7,48.5
2.83,1,12.1,37.9
1.76,1,5.5,23.3
5.19,1,8.4,28.1
2.95,1,9.8,29.6
1.13,2,19.7,38.9
3.73,3,13.8,46.0
2.06,1,15.7,34.9
4.45,2,11.6,40.1
3.47,1,7.6,27.3
5.39,1,19.8,41.2
1.39,3,13.0,38.8
1.65,3,13.2,42.3
6.51,3,15.4,55.6
4.99,2,11.2,39.7
2.23,1,13.2,28.3
3.59,2,6.7,33.9
7.99,3,12.7,53.0
5.18,3,6.7,43.6
4.98,2,5.8,29.7
5.8,2,13.4,43.7
6.48,3,7.7,52.1
4.28,2,9.7,41.0
7.78,2,11.6,51.1
1.97,2,11.2,34.2
3.64,2,17.1,44.5
2.87,2,11.4,30.0
3.2,2,14.1,36.9
3.83,2,14.9,47.9
16.14,1,5.4,66.9
2.01,1,5.9,23.8
4.12,2,13.3,39.2
3.47,2,9.6,34.4
7.76,2,7.4,47.7
4.02,3,14.9,46.0
2.47,1,13.3,29.6
9.9,1,10.1,59.4
4.13,1,14.2,34.2
2.71,1,3.0,34.5
3.73,2,11.5,43.6
4.22,3,15.7,39.0
4.66,1,14.4,37.9
3.71,2,11.9,45.7
4.13,2,16.6,44.8
5.7,1,14.2,38.7
4.38,2,10.4,40.1
6.75,1,12.6,46.2
4.03,1,14.7,35.6
3.81,1,13.8,29.9
5.76,2,9.6,45.6
6.72,2,3.0,38.8
5.92,1,20.1,52.9
7.25,2,10.5,51.7
9.99,2,3.0,51.3
1.93,1,7.6,19.0
6.76,2,12.8,50.2
7.91,1,4.1,39.7
12.48,1,13.6,71.7
3.44,1,11.1,29.5
4.88,1,17.2,41.3
1.04,2,8.4,24.0
1.78,3,12.0,36.9
4.65,2,17.6,45.2
2.29,1,14.7,36.1
2.19,2,9.9,38.1
2.81,2,11.1,34.2
3.37,2,12.3,38.0
2.56,2,4.6,30.0
1.47,1,13.6,18.4
6.69,3,13.7,57.0
3.05,3,8.9,34.9
15.02,1,9.1,63.6
3.73,1,12.4,35.2
4.06,2,16.6,37.8
4.62,3,9.1,42.7
7.42,1,10.4,43.6
5.3,3,9.8,47.4
2.98,2,11.6,41.1
8.97,2,14.1,54.6
6.61,1,7.7,39.9
7.5,3,3.2,49.9
3.09,2,10.8,35.9
1.99,1,17.4,32.7
6.36,2,8.3,40.1
1.45,2,14.6,23.2
3.96,3,12.4,41.8
4.99,2,7.4,40.4
1.66,2,12.7,28.8
4.61,2,9.0,39.4
4.56,3,10.0,52.0
5.91,2,10.5,47.3
3.35,1,7.2,28.3
7.0,2,11.1,50.0
2.44,3,17.8,43.0
7.67,3,13.3,61.6
2.95,2,17.3,40.9
1.01,2,7.6,25.9
9.1,2,22.3,56.6
2.41,2,14.1,33.6
9.77,2,13.1,55.6
2.57,2,9.3,31.5
2.27,2,7.8,24.0
11.95,3,12.0,73.8
8.42,2,17.4,63.1
6.18,1,13.0,43.4
4.9,1,21.6,50.5
5.68,2,10.5,43.4
4.11,3,5.9,37.1
2.79,2,9.9,28.2
4.39,2,17.1,47.5
4.27,2,16.7,44.6
10.56,2,7.3,58.7
5.98,2,8.6,42.1
1.33,2,16.6,31.5
5.01,2,4.6,32.6
5.77,3,14.3,52.5
4.31,3,8.0,43.6
7.47,1,10.4,45.0
5.29,2,9.7,40.4
12.65,3,15.0,79.7
4.31,3,17.1,50.3
8.08,1,9.6,43.3
3.57,1,16.5,34.8
6.14,3,14.1,51.4
5.23,3,7.9,45.4
8.92,1,8.7,46.8
4.19,2,13.1,41.8
7.85,1,10.4,43.4
5.96,1,10.1,41.1
7.81,1,15.4,52.3
6.93,1,13.3,48.2
6.6,1,6.8,40.4
7.18,2,16.5,50.9
5.52,2,14.5,46.7
5.29,2,13.7,42.2
1.79,2,14.2,37.1
4.41,2,6.2,36.4
5.55,1,12.3,39.6
2.96,1,8.5,27.3
2.52,1,10.2,24.0
1.94,2,18.7,39.5
5.03,2,9.9,50.8
2.89,2,17.9,42.3
1.53,3,10.8,32.1
2.99,1,11.7,33.0
6.98,1,15.2,45.7
4.65,2,14.0,43.1
2.54,1,5.6,23.3
5.16,2,13.5,43.1
2.83,3,9.0,41.6
9.17,2,10.6,50.4
9.4,1,13.1,51.2
5.55,3,9.6,50.2
2.35,3,3.9,36.2
1.56,1,11.7,27.5
3.96,2,11.1,44.2
3.29,1,9.2,36.9
1.86,1,7.3,15.3
4.81,1,11.2,30.9
5.39,1,11.9,38.1
4.79,2,10.3,35.2
3.67,1,15.9,40.0
8.84,1,11.1,49.6
9.75,2,12.3,55.4
1.3,1,6.1,21.1
3.44,1,10.7,33.8
11.34,2,20.9,75.3
2.88,3,4.2,28.5
16.14,2,15.2,86.1
4.6,1,12.7,34.8
7.68,2,11.3,47.7
7.19,3,11.3,56.4
3.63,2,12.2,38.9
6.12,1,5.7,31.2
3.52,3,17.9,47.3
6.27,1,13.4,39.9
4.26,1,17.1,41.9
4.91,2,13.8,51.8
4.45,1,14.7,34.9
5.33,2,14.8,52.0
2.85,2,12.8,35.9
5.18,1,18.3,40.1
9.27,3,13.3,69.7
3.21,1,13.1,33.6
4.74,1,9.3,35.5
5.08,1,11.0,34.7
3.92,1,16.8,43.0
8.09,3,10.0,54.3
2.16,2,15.2,36.6
8.55,2,12.1,56.0
4.84,3,5.9,46.8
6.52,2,15.0,52.8
4.4,3,12.0,47.0
3.99,2,11.6,39.0
7.89,3,16.2,57.9
5.77,1,13.2,45.0
5.28,3,7.7,49.8
6.8,1,13.1,46.8
5.01,2,9.3,43.3
3.84,1,8.5,30.7
4.29,1,18.4,41.8
4.99,2,3.2,30.5
6.65,1,10.1,46.1
4.28,1,9.8,41.3
2.17,1,15.1,27.3
8.61,3,16.6,59.2
4.66,2,9.0,40.5
3.11,1,3.0,26.9
5.43,1,19.4,42.1
2.23,2,8.6,31.7
1.94,2,10.9,32.4
5.09,2,10.6,39.8
3.01,3,10.5,39.3
5.3,2,12.5,44.5
4.92,1,8.1,32.8
1.72,1,14.1,33.2
5.52,3,15.1,54.8
3.54,1,9.0,23.8
2.92,1,8.6,31.0
7.23,2,16.4,49.6
3.93,2,17.6,38.1
4.12,2,14.4,45.9
3.54,1,15.3,35.2
4.56,1,3.9,29.3
13.22,2,13.0,71.6
5.74,2,12.7,41.5
4.72,1,11.7,43.3
3.09,2,15.6,36.2
6.94,1,16.2,56.7
1.93,1,12.0,29.4
4.61,1,11.1,37.4
11.82,2,18.0,70.0
0.98,1,10.2,22.8
9.72,1,9.7,47.4
5.71,2,15.7,47.6
2.62,2,11.5,32.4
6.82,1,19.0,51.0
4.96,1,18.7,40.4
2.62,2,16.0,41.1
2.76,3,13.0,38.4
6.89,1,12.6,42.8
5.73,2,10.6,47.2
5.94,2,20.8,53.3
7.75,1,13.2,51.2
7.53,1,14.0,48.2
11.56,1,13.2,54.7
17.26,1,12.2,72.9
10.92,1,7.0,48.4
6.7,2,14.0,42.6
3.53,1,16.2,36.8
3.9,2,7.8,39.0
7.0,2,4.2,46.0
1.34,2,10.1,24.3
3.28,1,11.5,30.4
7.51,3,14.3,56.0
5.8,1,9.3,31.1
5.54,1,13.7,33.3
3.05,2,8.6,32.7
5.9,3,4.4,44.5
6.26,2,16.5,49.3
7.71,2,12.0,45.7
4.55,2,9.9,44.3
2.71,1,9.0,28.2
11.46,2,14.5,65.6
2.5,1,6.7,21.7
4.56,1,12.8,33.6
4.13,2,16.8,51.7
2.88,2,10.3,42.0
1.76,1,15.0,32.8
6.28,1,18.0,44.3
2.52,1,21.3,31.1
3.46,1,16.2,35.7
3.83,1,8.4,27.8
4.45,1,6.6,30.9
3.74,1,11.3,35.5
10.74,3,19.9,69.8
6.74,3,11.4,52.5
8.17,1,15.9,50.5
3.42,1,14.4,34.1
3.46,1,20.7,33.6
1.04,1,12.2,21.2
10.18,1,11.5,52.4
1.76,2,9.6,27.4
0.98,1,13.5,28.3
5.87,1,14.0,45.9
2.99,2,12.9,36.2
7.78,1,15.0,57.3
4.01,1,13.3,38.7
4.45,2,10.5,42.7
3.88,2,12.1,37.9
9.71,1,11.1,50.9
6.57,2,13.5,50.4
5.26,3,12.7,44.6
8.99,1,19.6,57.6
1.95,1,13.2,24.5
0.98,2,8.6,25.1
0.78,1,11.3,28.2
5.47,1,5.8,33.4
6.41,2,11.4,45.9
3.36,2,13.8,41.5
5.6,2,10.3,37.8
0.79,2,17.4,35.5
7.88,2,12.8,52.3
4.26,3,9.4,41.9
11.26,1,15.5,61.2
12.72,1,15.0,65.9
8.03,1,11.6,48.0
2.02,2,13.8,27.4
8.71,2,8.7,48.6
3.49,1,16.6,39.6
12.72,1,6.0,52.3
5.23,1,11.0,42.1
2.08,1,7.5,23.3
9.45,2,11.9,52.4
5.8,2,5.2,50.4
1.85,3,13.0,41.0
14.06,1,12.1,70.1
3.39,1,7.0,25.2
7.65,1,13.5,48.3
4.55,2,5.3,30.2
4.94,2,9.9,40.8
2.48,2,12.2,35.1
6.43,1,10.6,44.6
4.68,1,14.5,39.4
5.96,1,6.7,39.3
3.87,3,5.5,41.0
7.17,1,17.6,57.4
5.76,2,6.5,43.3
7.15,2,18.7,54.0
2.82,3,14.4,45.2
3.75,2,15.5,37.3
3.16,2,11.5,35.6
3.17,1,8.4,30.8
6.42,2,11.8,49.2
4.93,1,12.2,37.5
2.93,3,9.8,35.6
4.58,3,7.4,42.7
10.63,2,14.3,55.6
5.31,1,9.4,40.1
2.56,2,15.0,40.0
4.01,1,13.5,31.3
6.49,3,18.0,58.3
1.46,2,15.7,34.9
1.17,1,3.0,16.0
2.22,2,13.6,38.6
4.62,2,12.5,42.0
2.86,2,21.8,37.9
4.53,3,11.2,37.5
6.1,1,10.9,45.9
3.53,1,10.9,32.1
4.41,2,11.6,36.4
4.25,1,9.4,28.1
7.36,1,19.1,58.2
6.19,2,13.6,50.7
6.47,2,14.3,43.0
4.96,3,17.2,49.8
2.75,1,6.8,24.2
2.83,2,18.4,43.5
5.72,1,10.9,36.6
3.25,2,13.6,40.1
3.74,2,9.9,36.0
2.41,3,9.5,32.3
6.11,2,10.2,45.2
4.51,2,13.9,43.2
3.32,3,14.0,42.1
4.02,3,12.9,40.3
4.69,1,16.5,38.9
8.47,3,10.5,50.9
9.59,2,6.7,48.3
1.94,1,8.3,24.0
7.28,2,10.6,45.2
8.19,3,16.3,61.6
3.54,2,15.2,37.0
4.85,1,15.5,45.3
2.12,1,14.5,33.3
3.34,3,9.2,40.3
2.09,2,10.0,30.7
3.39,3,4.1,30.9
5.36,2,12.6,43.2
4.79,1,9.1,35.0
8.38,1,13.0,42.0
2.47,1,13.2,33.7
5.83,2,9.5,42.9
6.22,1,20.1,45.8
2.42,2,10.8,34.5
7.89,2,8.3,52.2
9.72,2,17.1,61.3
7.57,1,9.2,44.9
10.1,1,19.2,62.3
3.68,3,15.2,45.3
3.82,2,6.9,32.4
4.45,1,11.2,37.8
6.68,3,16.1,61.0
7.09,2,14.5,51.3
19.26,2,15.7,89.1
2.95,3,14.8,47.6
6.25,1,14.2,41.7
3.72,1,10.8,31.2
4.74,2,10.9,41.6
2.19,2,13.4,37.8
5.89,3,15.1,52.8
5.62,1,15.1,37.1
7.19,1,9.1,40.1
6.76,3,10.1,54.1
6.26,2,21.4,57.8
1.7,1,14.8,32.6
9.54,2,10.9,55.0
3.1,1,7.3,26.5
8.01,2,12.7,55.8
6.59,1,13.8,42.1
6.04,1,10.9,44.8
5.46,3,7.7,40.6
4.93,1,17.8,48.3
6.8,2,11.0,43.5
3.76,2,13.6,40.5
5.58,2,13.6,44.8
2.07,3,10.1,32.2
2.93,1,15.0,37.5
1.58,1,9.5,26.0
4.14,2,9.5,39.5
6.0,1,19.4,53.2
7.12,2,12.6,54.5
2.05,1,13.4,32.1
3.79,1,9.0,32.9
3.58,2,15.1,43.8
10.91,1,13.8,59.5
5.35,2,12.4,42.4
4.17,2,14.9,45.3
6.08,3,13.7,47.4
9.88,3,7.5,55.2
2.85,1,11.7,30.8
4.02,2,9.7,37.2
4.17,1,8.1,33.8
4.04,2,14.3,39.5
3.86,3,3.2,36.5
2.07,2,13.5,33.5
7.54,2,11.1,56.6
6.29,1,17.5,44.4
3.43,2,15.4,43.1
6.09,3,15.0,53.8
3.41,1,13.9,39.2
6.63,1,5.0,36.4
6.46,2,10.0,43.3
2.23,1,7.8,21.9
1.72,1,12.4,22.9
4.83,2,13.2,35.5
2.54,2,10.5,35.9
7.92,2,9.3,42.9
2.65,3,12.4,36.1
3.23,2,10.6,34.9
4.6,2,10.1,35.0
6.14,1,20.9,48.8
5.58,2,10.2,41.4
6.27,1,9.3,31.7
7.27,2,12.0,52.4
4.27,3,11.9,45.1
4.66,2,15.5,44.1
4.39,2,19.7,40.3
4.78,1,7.3,32.6
4.24,3,19.1,50.8
6.16,1,13.6,46.1
5.59,3,9.9,50.0
5.99,1,8.7,43.6
5.2,1,17.6,39.2
11.41,2,6.3,62.6
2.93,2,9.1,37.9
6.1,2,17.4,48.7
12.68,1,3.2,53.6
5.65,3,9.0,45.6
3.21,1,17.0,36.0
2.59,2,12.6,36.1
10.15,3,10.6,65.0
2.44,2,14.8,36.6
3.67,2,4.5,26.2
14.92,3,7.5,77.4
6.01,2,14.2,46.5
4.97,1,9.7,36.7
6.0,2,4.3,41.7
8.38,1,21.1,51.4
11.29,1,11.6,52.1
3.91,2,14.9,41.6
2.88,1,13.8,31.9
4.64,3,12.1,48.1
2.79,2,9.5,29.4
1.13,1,11.7,27.9
9.65,2,3.9,51.8
6.77,1,8.4,34.8
3.42,2,15.8,49.4
1.95,1,11.0,26.3
2.62,2,10.2,35.4
8.55,2,12.3,57.7
5.36,1,13.8,39.7
6.25,1,15.2,40.8
2.02,2,11.4,32.5
2.78,1,9.3,24.8
6.29,3,7.6,46.3
12.39,1,10.0,60.6
4.28,1,5.8,27.7
4.73,2,12.8,45.0
6.72,2,9.8,48.3
4.16,2,14.0,44.0
6.3,1,11.1,46.0
11.98,2,9.5,68.5
2.06,1,9.0,26.8
8.51,2,13.9,55.7
2.04,3,8.4,37.6
2.34,3,11.8,42.6
3.63,3,17.9,43.2
1.46,1,17.0,33.8
3.04,3,12.3,42.2
7.61,1,13.0,49.0
2.05,2,14.1,42.9
4.33,1,14.1,46.1
6.68,2,10.7,42.4
7.8,1,8.9,46.7
2.62,2,5.7,33.1
3.8,1,17.0,35.3
1.86,1,16.7,33.0
2.25,3,18.3,48.9
2.79,1,11.8,31.5
3.43,1,15.5,39.3
3.34,1,16.2,31.8
1.15,2,14.7,34.2
2.96,1,17.8,34.0
3.36,1,13.0,39.0
6.21,2,9.3,38.6
3.88,2,19.3,43.9
2.42,2,7.3,27.0
3.27,2,14.9,35.0
2.18,3,10.6,43.5
9.23,2,16.1,63.3
8.86,1,8.9,47.3
7.76,1,11.3,44.1
3.91,2,9.1,35.4
4.0,1,16.2,35.7
4.39,1,9.6,35.9
3.9,2,6.7,36.4
14.76,2,8.1,74.3
6.43,1,11.5,43.1
2.87,2,11.7,36.5
4.21,2,7.6,30.9
4.85,2,18.6,52.1
7.89,1,4.5,42.3
4.47,2,10.8,42.9
15.38,3,9.2,85.3
2.08,2,9.8,29.9
4.88,2,11.3,33.2
6.22,2,6.5,41.4
2.31,2,8.2,34.9
5.05,2,9.9,42.7
3.09,2,7.7,34.9
4.19,1,13.8,35.3
3.11,1,8.0,29.9
2.09,1,17.1,32.6
9.79,2,6.8,60.6
5.75,3,18.5,57.0
2.67,2,10.6,27.1
4.65,2,20.4,44.4
5.17,1,12.8,37.3
2.91,1,12.4,31.9
5.2,1,14.4,45.7
4.76,3,3.0,42.7
11.46,3,7.3,61.8
7.48,1,9.0,43.6
6.96,1,6.3,40.4
3.48,3,14.7,38.8
13.62,3,23.1,94.6
5.99,1,3.0,30.3
3.01,3,8.2,41.6
3.4,2,12.6,40.5
5.34,2,9.1,34.1
5.92,1,15.0,49.0
20.0,1,10.9,89.9
2.66,2,14.6,38.0
5.24,1,18.3,51.7
1.24,3,12.4,38.2
6.66,1,14.6,48.5
2.76,2,10.6,39.0
8.84,3,7.8,49.9
4.36,2,13.9,46.5
2.06,1,11.9,29.4
2.56,1,10.5,29.9
3.65,2,9.6,31.0
8.96,2,8.9,57.1
7.7,3,13.4,59.5
5.26,1,11.6,36.0
5.96,2,6.1,40.7
6.86,1,11.0,47.9
5.52,1,16.8,46.8
5.5,1,15.9,41.0
2.42,2,11.2,32.7
3.61,1,13.2,43.3
1.71,2,10.4,25.8
3.23,2,20.3,45.1
9.02,1,14.4,56.0
5.42,1,10.7,42.7
4.33,2,16.1,40.9
3.83,2,10.3,42.0
9.73,2,10.4,58.0
2.5,1,6.1,24.7
2.71,3,8.5,44.6
2.14,1,9.1,32.4
2.25,3,9.3,39.7
5.02,2,8.2,41.7
8.52,1,12.1,45.7
4.91,2,8.7,36.8
3.41,1,18.4,36.2
5.39,1,10.3,42.9
9.84,2,6.9,48.1
2.35,2,14.3,37.1
3.03,2,11.9,30.5
11.51,2,11.9,60.8
3.33,1,10.4,24.8
1.23,1,17.7,27.6
2.34,1,9.1,31.5
3.25,2,16.0,42.5
8.9,3,12.2,63.2
7.49,1,15.3,48.4
3.72,1,12.4,32.6
2.15,2,20.1,41.7
8.94,1,10.2,51.9
9.81,2,13.4,55.1
7.36,2,11.1,52.3
2.73,1,12.5,31.1
2.72,2,8.3,37.2
9.11,1,10.0,50.0
1.76,2,7.8,28.6
2.11,2,8.7,30.3
12.72,3,13.7,70.4
6.56,3,13.8,56.2
6.83,2,13.2,46.0
1.07,3,11.8,36.9
6.69,1,8.6,42.7
7.61,1,13.0,47.4
5.76,2,8.3,46.1
3.31,3,6.7,37.2
12.45,1,16.3,65.0
4.1,2,13.1,35.3
2.68,1,11.9,28.9
12.51,1,19.1,68.9
5.21,1,11.5,45.4
14.6,1,17.8,68.5
4.7,2,8.4,41.0
5.11,2,6.5,36.6
1.93,2,7.3,30.5
2.96,1,15.2,41.2
2.69,3,14.5,40.6
1.55,1,11.5,31.4
2.08,2,5.9,22.5
2.02,1,9.1,24.1
4.84,1,14.6,40.7
5.67,2,13.5,42.2
1.22,2,8.4,24.7
7.72,1,12.4,43.8
2.98,1,21.4,49.1
2.33,3,11.2,39.9
1.9,2,6.3,28.2
6.76,2,11.6,50.0
1.43,1,13.9,22.5
2.61,2,18.1,42.2
14.84,1,12.7,70.2
8.06,2,7.4,49.1
8.45,2,11.2,53.0
10.06,3,16.6,67.8
1.73,2,9.5,29.8
6.14,1,16.5,43.7
5.84,1,7.0,35.0
3.75,1,12.1,28.6
1.85,2,11.9,31.4
3.86,1,8.0,26.8
5.07,2,12.7,42.0
2.59,1,15.5,27.3
9.57,1,10.8,53.1
5.43,1,10.1,39.5
5.2,2,13.9,42.2
2.48,1,16.0,27.5
5.6,1,16.5,47.2
5.24,1,11.1,39.6
6.97,2,10.2,49.1
2.14,3,15.9,44.5
2.7,2,15.6,39.5
3.99,3,19.7,50.2
3.46,3,12.4,47.5
2.44,2,13.7,30.8
11.16,3,11.6,73.8
6.33,1,9.9,40.1
3.25,2,23.8,47.6
8.47,3,13.7,55.6
4.94,1,10.4,36.1
3.54,3,12.3,41.1
7.68,2,12.5,52.0
3.64,3,8.9,46.0
7.34,1,5.9,44.0
3.39,3,8.8,39.5
9.98,1,9.4,50.5
2.93,1,13.2,29.7
10.46,3,13.5,71.3
6.8,2,3.0,36.1
10.79,1,6.8,51.3
2.67,2,7.8,22.9
2.52,1,18.3,29.5
4.09,2,13.9,43.1
1.65,2,10.0,28.9
0.89,1,10.6,23.3
4.58,2,11.2,40.5
5.28,1,5.5,38.1
2.91,2,16.2,35.3
1.89,3,14.6,49.9
3.22,1,12.8,31.2
0.94,2,12.1,32.0
3.69,2,10.8,39.2
6.14,1,10.2,47.6
9.98,2,6.3,51.8
4.05,1,14.4,36.9
3.45,1,7.7,26.4
1.58,1,11.9,29.2
3.74,1,10.3,34.4
4.9,3,10.3,40.6
5.61,1,13.7,33.3
2.69,2,11.2,32.6
1.79,2,7.8,30.7
2.35,1,14.6,27.9
7.55,2,17.3,50.1
3.29,2,12.7,36.7
1.83,3,13.2,36.1
4.88,1,11.1,39.3
3.84,2,18.5,45.1
3.53,1,13.7,34.0
1.67,2,8.7,26.3
2.47,2,16.4,35.9
14.02,2,19.7,79.6
3.42,1,13.3,36.2
10.04,3,8.0,64.0
6.99,1,5.0,39.0
3.19,2,8.0,36.7
8.27,1,21.0,49.7
9.96,1,8.7,51.5
5.49,3,6.9,43.6
7.0,2,11.5,46.1
5.48,1,14.7,47.2
4.73,2,11.0,41.8
8.66,2,10.7,50.7
2.14,2,13.0,38.9
3.83,1,17.1,37.8
2.03,1,13.9,26.5
6.05,1,10.1,41.2
4.37,1,10.3,35.7
4.03,1,12.9,32.0
7.44,2,7.7,51.0
4.29,1,12.9,42.5
7.31,3,17.7,63.9
5.57,2,11.2,41.6
7.16,1,10.5,48.1
2.09,3,13.7,44.5
4.01,1,8.6,32.2
2.18,1,17.6,37.9
5.36,2,16.3,45.3
3.83,1,15.5,36.6
4.73,2,12.8,42.9
2.52,2,13.0,35.0
4.92,1,14.0,36.6
6.97,1,7.6,33.4
1.85,2,9.8,34.4
2.09,1,10.8,21.6
5.64,1,16.5,44.0
11.04,1,19.9,68.0
3.28,2,11.8,35.3
6.84,1,13.0,47.5
7.68,1,12.9,54.7
2.75,2,9.9,36.4
3.51,2,9.9,40.7
5.05,1,12.5,41.9
6.45,1,16.8,50.7
9.37,2,6.9,51.8
2.26,2,15.5,40.3
5.09,2,7.4,38.4
11.32,2,15.2,59.7
3.4,2,11.3,43.5
6.04,3,7.6,49.2
5.86,3,6.3,46.5
10.21,1,10.9,52.6
3.4,2,15.5,42.0
3.67,2,9.3,26.3
2.67,3,12.5,37.1
12.71,1,8.4,62.0
2.98,3,8.2,35.5
6.65,2,10.1,44.2
3.77,1,7.6,28.9
2.66,2,12.6,31.2
5.66,3,5.5,39.5
4.08,2,18.0,47.8
8.13,1,9.7,51.2
4.33,3,9.1,43.6
6.82,2,15.9,52.1
3.92,2,10.3,35.6
4.16,1,16.2,38.6
5.29,2,8.3,47.4
4.66,1,8.6,33.4
12.7,1,8.7,62.3
13.22,1,18.4,67.6
4.15,2,4.9,38.1
8.49,2,12.4,54.9
3.82,1,19.1,41.5
5.1,1,9.4,36.0
5.87,1,16.4,41.2
5.6,2,14.7,43.1
8.47,2,14.4,58.5
3.34,1,12.4,35.7
20.0,3,10.7,95.8
5.56,2,8.8,38.8
2.69,3,12.5,42.2
6.11,2,14.6,53.3
3.55,1,10.9,34.6
9.21,1,16.0,50.3
3.96,2,15.0,42.1
3.42,2,13.3,38.4
4.41,3,10.7,46.5
1.31,3,14.3,39.9
4.36,2,12.8,37.9
2.83,1,20.1,36.3
8.35,2,13.0,50.1
11.0,1,14.6,56.9
2.11,2,6.9,31.0
4.94,2,12.5,41.0
2.49,1,18.4,35.3
4.14,1,13.7,34.2
6.16,2,15.7,49.3
1.84,1,10.9,21.4
6.1,2,10.1,46.1
3.17,1,13.0,31.8
3.71,3,7.5,41.6
3.97,1,10.7,33.5
3.29,2,20.8,42.0
4.51,2,11.7,44.8
4.07,3,9.7,47.0
5.64,2,17.5,51.1
3.26,2,13.7,39.9
4.26,3,10.1,44.9
8.83,1,12.2,48.7
3.79,1,11.5,31.8
1.13,1,9.6,26.2
6.86,1,12.7,43.3
6.46,2,12.4,47.4
5.0,2,10.1,37.4
12.44,2,10.7,74.4
7.56,3,17.5,63.7
16.51,3,18.4,89.0
6.34,3,12.7,60.2
2.55,1,3.0,19.9
2.23,2,12.1,36.5
4.1,2,6.4,29.5
12.11,2,10.0,65.2
2.63,3,5.8,38.9
11.4,1,19.1,58.6
7.77,1,11.8,45.7
6.64,3,17.6,50.9
5.12,1,3.4,30.0
2.41,1,18.8,31.4
1.09,1,12.8,25.6
1.52,2,15.8,33.5
8.24,2,11.1,54.9
3.81,1,10.4,26.8
6.84,3,3.5,48.1
6.7,2,10.7,44.2
2.74,3,3.6,35.6
2.55,3,10.2,35.4
4.57,2,6.1,39.9
5.05,1,10.4,39.5
9.48,1,20.3,64.0
2.18,3,14.2,38.9
7.78,1,13.5,51.2
5.83,1,13.5,36.6
2.63,2,11.0,34.9
0.94,2,8.5,29.0
9.85,1,15.2,57.5
4.17,2,12.8,44.8
6.13,1,7.0,33.4
9.6,1,17.1,59.2
3.3,2,18.3,41.3
3.76,2,11.2,32.4
4.85,2,15.4,45.4
5.86,1,11.2,35.0
3.51,3,14.9,45.3
6.16,2,9.3,38.4
7.9,1,8.7,40.1
10.9,1,15.8,60.5
5.52,3,17.4,55.7
7.26,2,13.7,46.7
2.67,1,15.0,33.3
13.07,3,16.2,72.5
7.92,1,14.1,50.0
2.82,2,25.1,47.7
9.52,1,17.2,57.4
4.16,1,11.2,31.1
3.86,2,11.4,39.8
8.21,3,12.4,58.1
5.43,2,13.6,41.2
3.57,1,8.8,30.0
6.73,1,12.9,42.4
4.33,1,9.2,36.5
6.29,3,10.4,46.9
6.38,2,17.5,52.7
3.21,1,13.8,36.6
4.42,2,11.7,39.9
4.61,1,16.0,37.6
4.32,1,14.8,34.5
4.31,1,17.4,34.8
13.38,1,15.7,70.0
3.21,1,7.9,36.0
7.7,1,12.9,48.3
4.15,2,6.3,34.0
9.93,2,18.0,64.3
11.2,1,12.7,52.9
9.16,2,10.4,51.5
8.09,2,12.3,55.2
17.24,2,8.0,78.5
2.89,1,12.7,34.0
6.47,3,18.2,54.3
3.11,3,10.3,44.7
8.44,1,12.9,47.9
8.74,2,11.6,54.9
7.56,1,14.8,46.2
2.34,1,16.8,37.0
1.21,1,3.7,18.4
5.82,2,11.7,44.2
1.6,2,7.8,24.5
4.18,1,8.5,28.8
9.62,1,15.1,54.2
8.2,2,18.1,65.7
5.01,1,9.5,31.8
2.5,2,15.6,41.8
11.74,3,6.7,59.3
5.38,1,12.9,47.8
4.04,1,13.4,32.6
3.25,3,8.2,41.5
6.34,1,15.0,41.9
3.91,3,15.2,45.6
6.53,2,10.6,45.7
4.7,3,9.6,41.2
6.91,1,15.3,42.7
4.17,2,15.2,40.1
5.77,2,14.1,48.1
9.21,3,17.0,61.8
1.51,1,13.0,30.7
2.85,2,13.1,36.1
3.54,3,10.4,34.1
9.19,3,13.6,68.2
8.48,1,13.2,50.9
3.26,2,19.5,43.7
1.8,1,16.7,24.1
2.18,2,10.3,28.2
5.4,3,7.5,38.8
6.15,1,7.7,33.1
7.02,3,11.8,53.8
4.33,2,8.6,38.8
7.78,3,8.5,58.1
4.83,3,9.2,44.1
4.1,1,11.7,33.7
5.51,1,7.0,33.9
7.83,3,7.0,54.6
3.8,1,14.3,40.4
5.92,2,11.1,40.4
16.54,1,12.2,70.1
3.18,3,18.2,42.0
4.02,1,8.7,31.5
4.8,2,12.0,47.4
7.49,1,20.3,54.1
1.87,1,18.8,36.1
6.62,1,17.1,45.1
4.91,2,5.8,37.9
3.89,1,9.5,30.0
6.57,2,12.5,49.1
5.75,1,7.4,34.7
2.15,1,7.9,25.3
10.26,1,17.7,64.1
8.96,1,4.6,40.0
10.54,1,8.4,53.3
6.04,2,9.2,42.7
4.63,3,22.3,51.2
3.27,3,11.6,45.0
9.14,3,9.2,62.7
3.47,3,8.1,40.7
5.86,2,9.6,43.2
2.99,2,17.3,41.7
7.27,2,11.0,51.5
2.71,1,14.1,37.7
5.37,2,8.7,39.5
5.37,1,17.1,46.5
8.19,2,20.1,61.1
8.13,1,12.8,45.5
6.38,2,10.1,46.8
7.37,1,6.8,39.5
4.02,3,14.4,48.7
5.12,2,9.6,39.7
2.59,1,18.8,33.9
3.83,1,14.4,33.8
3.75,3,7.2,38.8
2.93,2,8.4,35.3
4.86,3,7.8,44.4
3.21,2,15.0,40.4
9.01,1,18.7,54.3
7.58,1,13.5,44.0
8.12,1,9.4,48.1
2.03,2,17.1,37.7
4.6,1,11.5,35.2
2.71,2,13.4,32.7
7.98,1,6.9,48.9
5.69,2,12.5,45.2
11.57,1,13.7,59.4
5.32,2,7.2,43.1
4.4,1,15.4,37.5
1.22,3,14.9,39.7
4.79,3,15.0,53.0
3.74,3,3.0,35.9
3.71,1,19.4,41.9
2.49,1,10.3,28.5
5.72,2,11.4,42.9
4.22,2,6.8,37.6
4.0,1,10.5,36.6
7.92,1,10.9,49.2
4.5,3,16.6,48.3
7.58,2,7.4,50.5
3.72,1,13.1,31.2
10.88,1,13.8,55.0
6.21,1,11.1,35.8
6.15,2,11.9,46.2
2.58,3,13.5,41.3
7.23,1,5.4,35.2
3.56,1,10.4,30.3
2.84,1,9.6,27.4
9.25,3,12.7,65.8
5.2,3,20.5,57.5
8.26,2,8.4,48.0
4.81,2,19.6,44.4
8.39,1,9.6,42.0
6.71,1,12.2,50.0
13.56,1,14.1,67.1
9.51,2,4.6,53.7
5.66,3,18.7,57.8
1.94,3,12.8,41.0
4.01,2,13.0,40.0
10.88,3,19.7,70.4
5.58,2,10.9,39.5
20.0,1,13.6,90.4
6.71,2,6.4,37.2
3.03,3,14.8,39.9
1.93,3,11.5,39.9
1.37,1,11.1,23.7
0.73,2,11.2,30.3
6.86,2,15.7,51.8
3.46,1,9.9,33.4
7.38,1,15.2,48.9
3.34,2,13.1,33.6
5.6,2,3.8,41.6
4.52,1,13.6,35.4
4.11,1,13.5,38.2
3.62,1,9.3,31.4
5.95,1,9.4,39.5
8.34,3,11.8,50.5
9.17,2,14.0,56.5
3.05,3,13.7,49.6
4.42,1,6.1,34.2
4.14,1,12.0,32.4
7.26,2,6.3,50.0
3.6,1,12.6,37.8
1.86,3,13.3,40.6
7.39,3,8.7,51.8
2.88,1,10.6,31.2
2.71,1,3.0,21.7
6.66,1,10.2,46.3
6.83,1,3.2,36.1
4.59,3,11.1,47.7
8.71,2,13.0,53.3
2.65,3,12.3,47.2
4.98,3,15.8,55.6
4.53,1,12.9,35.2
4.89,1,13.1,46.4
7.12,2,11.0,47.3
13.36,2,15.0,66.9
8.82,3,9.8,54.0
4.8,1,18.8,44.4
9.22,3,11.2,61.7
2.36,1,14.1,29.9
3.84,3,11.7,44.4
2.28,3,15.6,39.3
3.31,3,9.0,39.2
4.08,2,13.7,40.8
3.25,1,8.7,28.8
4.05,3,18.6,46.7
12.96,1,9.6,58.1
3.76,1,11.2,31.9
6.5,1,6.8,33.3
5.29,2,9.2,39.5
8.54,1,7.1,48.9
3.53,2,6.1,37.6
3.17,2,15.8,39.0
7.84,3,7.4,53.1
8.55,1,7.9,50.0
3.31,2,13.0,41.2
4.17,3,21.7,54.1
14.85,3,3.0,70.1
2.55,2,14.9,45.4
2.44,2,12.0,37.1
14.54,2,14.9,71.4
6.18,3,11.2,44.9
8.18,1,14.4,52.3
7.62,1,16.3,48.9
4.15,1,9.6,38.0
3.19,3,3.6,28.7
0.96,1,6.2,14.9
2.91,2,11.1,35.8
6.91,1,13.3,41.2
3.41,2,14.4,44.2
3.41,2,7.8,36.1
10.38,2,11.5,64.3
2.44,3,10.3,28.5
4.04,2,13.2,34.8
6.06,2,12.6,49.6
11.31,2,8.5,55.2
3.85,3,15.9,51.3
5.3,2,7.5,35.9
7.14,3,19.3,69.2
7.73,1,11.6,45.2
5.38,2,14.1,45.6
2.38,2,10.9,36.8
7.43,2,15.8,55.7
4.62,2,8.1,37.5
10.25,1,6.1,60.7
2.07,2,14.8,34.3
3.49,2,3.0,25.2
4.19,3,5.2,43.1
6.3,2,15.2,50.7
5.58,1,13.5,39.0
0.87,3,15.0,35.5
1.04,1,7.1,21.7
2.65,2,3.0,31.3
8.79,2,4.2,51.0
9.34,1,7.1,41.2
3.24,3,23.0,51.8
4.02,2,5.0,32.2
3.27,2,10.9,38.8
13.31,1,10.9,59.5
5.52,1,16.8,43.3
4.9,1,13.6,40.6
5.87,2,12.3,45.8
0.89,2,16.4,34.8
3.63,2,9.3,42.3
3.9,1,14.1,39.8
9.55,3,14.0,58.9
3.54,1,6.6,33.1
2.19,2,9.4,35.1
1.97,2,8.6,26.3
2.68,2,10.0,33.3
1.14,2,11.4,28.5
4.24,2,8.8,40.6
8.97,2,11.0,52.0
14.09,2,8.0,67.7
2.82,1,8.9,31.4
8.97,1,14.7,50.8
2.82,2,11.6,34.0
8.65,1,11.5,52.9
8.87,2,9.1,50.5
3.41,2,4.6,41.6
8.27,2,5.5,46.3
4.44,1,13.7,31.0
5.39,1,21.5,51.1
5.97,2,17.7,51.5
2.64,1,10.4,30.5
2.27,3,11.5,41.4
1.55,1,11.3,33.1
6.36,1,12.0,46.4
1.28,2,11.9,28.4
6.26,1,8.2,42.5
5.07,2,14.1,45.9
4.5,3,20.9,50.3
5.66,1,7.9,34.4
9.79,2,10.0,63.1
13.42,3,13.8,74.1
6.95,1,8.1,43.9
3.44,1,12.2,32.5
10.24,1,10.0,54.9
2.25,1,5.7,19.6
3.48,3,18.2,47.7
9.7,2,4.2,44.6
7.15,2,14.3,58.2
4.59,2,12.9,43.5
5.45,2,13.5,41.2
3.36,1,12.7,32.4
4.84,1,18.3,45.3
6.46,2,15.7,49.9
5.97,3,11.3,45.9
5.9,2,13.3,41.8
3.73,1,16.5,39.6
3.85,3,19.3,53.2
7.29,2,8.2,37.8
6.58,1,11.8,40.1
3.08,2,6.5,29.4
3.51,3,10.2,41.1
4.49,3,12.2,48.6
4.92,1,8.5,38.2
5.97,2,11.3,43.4
2.41,1,16.1,29.7
5.27,2,11.1,40.0
7.32,1,10.5,48.7
4.17,2,4.9,33.1
7.73,2,12.0,54.5
4.17,3,10.1,44.8
3.58,3,15.7,54.2
3.97,2,7.0,29.5
3.95,1,12.9,33.8
8.3,2,9.6,49.4
5.1,1,15.3,45.8
3.86,3,12.8,43.9
5.83,3,6.8,48.1
7.77,1,8.5,35.2
3.6,2,19.8,44.2
6.26,2,15.6,53.5
2.22,2,12.9,38.2
1.49,3,10.9,34.0
3.52,2,11.2,33.9
6.5,3,9.6,48.7
3.56,1,9.6,30.4
3.25,2,11.6,42.7
9.85,3,13.4,62.7
1.26,1,5.2,21.4
5.96,1,5.2,39.0
8.8,2,12.1,54.0
4.29,3,10.2,40.0
5.0,2,9.3,38.5
2.68,2,16.2,39.7
4.12,2,13.8,42.4
7.96,2,9.5,48.7
5.09,1,7.5,37.3
2.17,2,13.0,30.0
10.87,3,14.1,66.8
7.51,3,3.0,47.1
4.07,1,13.7,36.2
4.66,3,18.9,49.5
7.14,2,13.5,51.3
8.21,2,15.6,55.7
5.65,1,8.6,35.2
2.1,3,13.1,39.7
3.78,1,14.1,37.8
3.49,2,18.4,46.1
6.13,1,10.4,38.9
7.61,2,11.2,51.9
3.82,2,18.9,54.0
3.04,2,9.2,37.0
4.16,1,13.0,41.4
4.05,2,11.9,38.1
5.3,1,7.5,38.4
7.45,3,14.1,60.4
6.35,3,11.1,48.2
5.21,1,11.0,37.5
6.72,2,18.3,53.2
2.34,1,3.0,20.0
5.9,2,12.9,43.6
2.45,2,11.5,36.3
12.05,2,13.0,66.4
7.14,1,10.9,46.7
6.38,1,9.5,34.3
3.95,2,12.1,42.1
5.31,1,13.8,38.3
1.98,2,14.7,39.2
4.74,2,10.0,40.8
6.66,1,13.9,44.8
3.08,1,11.3,27.3
5.19,3,9.4,45.4
6.81,3,14.7,49.0
7.76,1,13.4,47.0
3.01,2,14.9,38.6
1.52,2,11.2,29.3
3.62,2,6.2,33.3
2.85,2,15.8,39.0
8.29,2,11.8,55.7
14.43,1,8.5,65.5
5.26,2,7.2,44.4
3.9,1,14.5,34.6
4.16,2,13.1,42.5
3.93,2,15.7,45.5
4.32,2,12.4,41.3
2.88,2,9.1,34.4
3.31,2,10.0,40.8
5.12,1,13.8,41.4
3.55,1,8.0,29.6
1.62,2,11.3,33.8
5.24,3,10.0,42.9
2.28,2,10.3,32.5
2.28,1,24.1,37.5
6.33,2,4.1,42.6
2.18,3,13.1,38.3
7.53,3,7.7,54.1
1.96,1,20.2,34.8
2.53,2,10.8,35.4
2.21,2,11.2,36.6
11.83,3,13.6,65.3
10.98,1,14.5,63.3
9.31,3,11.4,57.1
6.37,1,17.0,47.4
2.28,1,12.1,32.1
14.12,1,16.2,73.0
3.19,2,10.6,44.1
3.56,2,8.3,32.7
4.06,3,10.0,43.7
6.6,3,8.6,49.1
4.72,1,5.7,26.5
9.26,1,9.0,50.0
7.77,1,7.3,35.2
3.5,3,14.3,47.5
6.24,2,18.1,49.0
9.85,2,7.8,58.2
5.0,3,12.4,44.2
5.38,1,8.4,37.1
3.24,2,15.8,43.3
5.53,3,17.2,61.3
7.41,2,9.8,48.6
3.45,2,14.8,33.7
6.38,1,4.9,40.7
3.87,1,13.4,41.9
4.51,1,15.5,35.8
7.76,1,13.1,50.7
4.51,2,14.7,42.7
2.5,2,16.7,34.7
7.79,2,21.5,63.6
7.76,3,12.5,59.6
7.8,3,12.0,62.7
7.55,1,14.8,47.6
2.13,1,9.1,22.5
2.99,1,15.5,32.8
6.2,2,8.5,36.3
3.83,2,12.5,39.4
1.68,1,8.8,22.8
4.55,2,7.3,39.0
7.19,1,12.2,48.8
3.99,2,8.4,38.7
4.24,2,7.3,38.7
1.74,1,10.9,30.5
6.75,3,8.2,58.3
8.38,1,12.8,51.9
5.9,2,13.9,43.6
7.37,1,13.7,45.9
3.7,1,19.2,41.2
3.79,2,11.8,36.0
8.18,2,10.5,44.9
4.26,2,12.8,36.0
6.12,1,9.9,41.1
9.68,2,6.6,53.7
1.66,3,14.0,36.9
3.94,1,8.7,35.7
4.5,1,8.6,26.3
1.41,1,10.5,25.7
2.08,1,12.1,30.1
5.95,1,10.0,43.5
2.62,2,3.1,31.1
2.5,1,12.0,29.3
17.75,1,12.9,73.8
4.4,3,13.3,42.8
6.54,1,18.7,50.7
3.23,3,8.1,38.4
0.67,3,19.3,40.4
6.61,2,13.5,54.3
2.7,2,9.2,30.3
2.21,2,19.1,42.5
3.11,3,11.0,37.2
6.54,2,16.1,55.0
8.53,3,7.5,64.3
3.46,1,16.3,45.9
2.88,2,15.7,44.2
3.17,1,11.0,32.6
5.54,3,17.9,55.0
2.6,1,6.7,25.7
7.6,1,20.8,55.7
7.18,1,6.4,47.7
4.08,1,13.3,31.6
6.6,3,12.1,51.8
4.53,2,3.0,28.5
2.01,1,13.2,28.7
7.04,3,10.4,51.0
4.3,3,7.7,42.0
6.24,2,9.1,40.6
3.44,2,5.5,31.2
3.76,2,15.9,40.4
1.81,2,7.5,24.2
6.4,2,10.4,46.2
4.71,3,17.4,57.1
6.07,3,19.1,52.2
4.43,1,5.8,21.6
5.33,1,13.3,41.0
5.92,2,17.3,49.3
9.61,1,16.3,56.0
5.76,2,7.0,41.1
12.99,1,10.0,58.5
4.92,2,12.9,40.6
7.99,1,15.7,50.9
4.75,2,15.1,39.4
1.68,2,6.5,24.0
4.98,2,14.7,43.2
2.67,1,16.4,35.6
4.76,3,18.1,57.6
3.18,2,14.0,37.8
6.37,1,8.5,36.5
4.94,1,13.4,40.4
2.0,1,13.2,24.8
2.59,1,7.0,22.2
6.46,2,6.8,41.4
3.8,2,14.4,40.9
4.57,2,17.2,45.5
6.12,2,12.2,40.1
2.41,1,12.8,30.8
6.3,2,9.4,45.8
5.6,2,10.6,40.8
4.72,1,14.2,43.6
4.1,3,15.2,45.7
6.62,3,11.7,52.6
6.21,2,3.1,38.4
8.63,1,12.3,50.7
2.77,2,6.4,27.2
5.06,2,4.3,36.3
12.02,2,9.4,60.1
8.27,3,18.1,60.2
8.19,2,5.9,51.6
5.69,2,12.2,40.3
4.83,1,12.9,36.6
5.4,2,17.4,43.1
2.41,2,9.2,29.4
5.24,2,11.9,40.2
3.69,2,7.6,39.7
10.03,2,9.0,53.5
9.15,3,14.1,58.2
6.51,1,16.2,38.2
2.43,2,4.0,26.5
1.48,1,3.6,17.4
3.16,1,9.4,29.8
7.6,2,16.1,52.6
8.6,2,8.4,48.7
7.58,1,16.1,46.8
5.33,1,11.0,30.2
9.32,1,9.4,55.7
5.87,1,14.5,41.6
11.56,3,12.1,69.6
9.45,3,13.1,65.1
5.51,2,3.4,41.6
8.43,2,12.5,53.8
6.5,1,12.3,33.2
8.82,2,25.1,71.2
10.59,3,11.3,63.7
1.97,2,12.5,30.2
3.04,1,16.5,37.8
7.49,2,16.2,48.7
3.66,2,14.2,39.5
1.69,2,16.6,35.7
5.74,3,3.9,44.8
9.41,2,11.0,53.7
10.02,2,9.5,52.3
10.07,1,12.3,50.5
15.77,2,5.0,71.2
6.71,1,14.7,41.4
4.42,2,10.4,39.8
6.29,2,14.3,53.1
6.5,2,12.0,46.7
5.04,2,13.5,41.9
14.55,1,16.5,67.9
2.54,3,8.9,42.4
5.32,1,5.8,43.1
2.24,2,11.7,37.0
2.44,2,8.9,38.8
3.54,1,11.4,29.1
5.38,3,9.4,46.3
3.37,3,3.0,32.0
3.1,1,7.8,32.8
4.45,2,8.6,32.2
4.29,2,13.0,43.4
4.05,1,14.7,32.2
1.97,2,17.4,36.3
3.07,2,12.8,37.9
20.0,1,19.6,91.7
3.51,2,18.6,44.0
3.51,2,10.5,37.5
9.33,2,10.5,59.1
6.87,2,7.6,43.6
1.83,1,11.8,29.3
4.47,2,10.6,38.5
5.25,2,14.0,50.8
4.1,2,19.4,45.9
3.32,1,21.2,40.2
2.29,3,14.7,41.1
6.3,3,8.5,50.1
6.67,2,13.4,52.9
2.72,1,14.0,33.7
2.26,2,8.9,31.4
3.78,1,11.3,30.1
8.5,1,15.4,52.2
3.62,1,9.8,36.8
5.24,2,7.8,40.0
3.99,3,11.1,48.4
10.29,3,13.0,63.7
5.6,2,17.2,52.9
5.48,2,8.9,47.4
2.3,3,15.1,41.9
1.69,2,12.5,28.4
4.74,2,13.9,44.1
1.82,1,13.2,28.2
4.84,1,8.8,27.9
4.31,1,3.0,26.4
11.2,1,8.1,51.9
5.15,2,13.4,49.0
13.48,3,12.4,74.7
3.79,3,13.2,49.0
5.23,1,11.2,36.3
4.53,3,12.3,47.3
1.48,3,10.4,27.2
5.36,1,17.2,40.1
4.72,1,6.2,34.0
6.22,2,9.1,39.7
4.47,1,8.2,41.2
5.66,1,11.3,33.9
3.54,1,14.7,37.0
8.81,1,19.1,54.6
6.21,1,16.2,42.5
6.39,2,15.9,45.4
3.4,3,17.7,44.0
5.84,3,16.2,50.1
16.8,1,16.1,81.7
4.53,2,8.5,38.0
6.39,2,9.6,41.8
2.65,1,14.6,31.5
4.2,1,12.5,31.3
3.71,2,10.7,35.6
7.4,2,16.5,55.5
4.59,1,10.2,30.5
2.51,3,13.5,38.6
3.42,3,11.9,39.6
2.67,3,8.2,36.0
12.12,1,19.1,73.8
3.6,1,5.4,30.5
12.39,1,7.0,59.8
2.55,3,10.3,35.3
5.38,2,17.5,48.3
0.92,3,17.3,40.2
3.87,1,9.2,29.5
13.94,1,14.5,70.2
11.44,2,11.0,65.6
5.02,2,8.0,32.1
2.87,1,13.3,34.3
1.76,2,12.2,31.5
4.31,1,9.7,34.3
12.12,3,15.1,68.4
2.79,3,15.8,45.5
9.84,2,8.1,57.1
1.89,2,18.6,33.8
4.68,1,14.3,39.8
2.54,1,11.4,26.5
3.7,2,18.4,42.7
9.49,1,15.3,50.9
4.08,2,15.7,40.2
8.82,1,15.3,54.3
1.57,1,11.0,22.7
9.28,3,14.3,63.3
6.83,2,11.6,47.4
4.95,2,9.1,38.0
7.85,2,8.3,47.1
2.42,3,14.1,46.0
4.93,1,16.1,41.4
2.46,2,6.2,38.7
4.25,3,18.8,59.5
2.58,2,14.9,34.4
3.75,1,15.8,36.4
5.59,1,10.9,39.8
6.82,1,14.7,46.4
5.37,2,15.0,46.7
2.11,1,6.8,19.0
1.53,2,16.0,37.0
3.27,1,21.0,36.3
4.56,1,9.1,33.1
1.9,1,4.9,21.1
4.72,3,9.1,39.0
3.04,1,15.5,38.0
7.93,2,13.9,65.9
4.23,1,8.4,31.3
6.14,2,9.7,44.2
3.08,3,5.1,36.4
4.36,1,12.6,37.8
2.39,2,3.5,25.0
6.6,1,11.2,40.3
4.05,2,6.6,32.5
11.46,1,11.4,60.3
6.38,1,14.7,48.7
2.08,1,11.4,25.9
1.93,2,12.9,33.1
4.92,1,13.2,41.1
10.33,2,10.8,63.6
4.26,1,8.9,26.5
3.17,2,5.1,32.4
4.65,2,13.3,41.8
10.47,3,17.7,64.1
3.81,1,20.5,46.6
5.62,2,4.6,33.9
6.71,1,8.2,45.9
10.68,1,14.4,62.5
10.65,1,19.6,61.4
5.21,2,7.8,41.3
12.03,2,12.6,68.5
8.37,1,13.0,50.6
11.23,1,9.8,55.7
3.17,3,11.4,46.3
4.15,2,10.4,41.1
5.21,2,6.0,37.3
3.72,1,19.3,36.2
5.35,3,13.1,53.1
6.94,1,10.2,45.2
1.29,1,16.8,29.6
2.6,1,11.1,34.0
1.97,1,16.7,35.9
5.39,1,9.3,42.8
5.63,1,16.6,43.0
1.01,1,14.8,26.4
4.45,3,9.4,39.9
5.42,3,15.2,45.5
5.91,1,16.2,48.6
2.48,1,12.4,27.9
4.27,2,7.5,28.8
2.48,1,7.3,24.8
10.69,1,11.5,55.8
7.24,1,13.1,44.2
7.19,2,3.0,42.8
1.84,2,14.9,39.8
2.07,1,14.0,28.9
11.11,1,18.7,62.3
1.97,2,11.1,35.7
12.59,2,10.8,68.9
3.95,1,13.6,34.3
