distance_km,delivery_time_min
6.47,28.7
4.44,25.8
4.18,27.1
4.18,27.4
11.34,48.4
7.51,45.7
3.59,25.2
6.63,37.4
5.59,35
1.29,13.4
2.48,23.5
5.83,32.5
10.74,48.8
4.2,30.5
3.42,31.7
5.17,34.9
3.29,28.7
4.03,25
4.79,23
2.41,27.9
7.73,50.6
2.14,27.1
1.98,18
5.44,27.5
7.39,35.3
5.36,24.8
4.5,28.6
4.01,34.5
3.61,25.1
8.75,46.6
5.86,40.5
3.8,24.6
3.13,33.1
6.9,47.2
8.63,44.2
8.19,40.5
2.8,25.8
3.99,25.6
3.57,20.4
4.31,34.1
7.69,46.7
10.18,51.4
5.99,29.1
3.2,18.6
4.73,30.5
11.26,52.5
5.09,29.8
4.01,31.8
4.22,31.3
5.97,40.9
2.86,18.4
3.52,23.8
8.13,46.3
5.87,36.3
5.13,38.4
8.36,45.7
3.08,32
3.94,29.4
5.76,38.7
5.65,32
1.86,19.1
3.71,30.2
4.38,35.9
6.13,38.6
5.64,33.1
4.62,35.8
1.28,7
4.76,23.7
5.01,34.1
16.88,76.2
4.29,31
5.78,34.3
9.14,49.3
7.45,36.6
10.41,54.1
1.88,23.6
2.52,27.1
3.37,33.9
1.68,19.5
5.04,32.4
2.65,15.2
11.19,52.1
2.91,22.2
3.95,31.7
7.7,38.5
2.13,23.7
1.61,18.1
5.4,31.7
5.64,34.6
7.57,39
6.56,35
5.77,26.3
3.12,22.7
5.55,30.9
5.75,31.5
3.05,25.5
12.97,64.2
6.38,37.3
2.55,26.2
7.59,43.4
8.33,42.3
6.17,33.4
4.15,29.2
2.97,25.9
4.61,35.8
5.92,39.9
4.87,28.1
10.68,52.1
6.95,41.4
2.77,27.3
2.38,25.3
6.41,36.1
4.21,22.4
7.29,35.2
6.38,37.5
4.62,31.1
2.79,17.7
1.73,18.8
5.49,35.7
2.1,14.8
2.72,27.3
5.3,30.4
5.01,36.7
2.26,18.2
8.87,41.1
8.73,43.1
6.53,36.4
6.53,35.1
6.53,35.8
8.29,45
7.05,38
2.93,22.8
4.17,20.2
15.84,74
1.33,16.7
3.59,32.9
8.89,41.6
3.05,15.5
7.16,42
4.97,32.4
3.18,19.5
1.19,9.6
5.41,39.5
2.89,29.3
4.5,17.9
6.5,34.6
7.91,49.5
3.58,23.5
3.18,21.9
2.08,18.6
8.14,37.9
14.56,59.7
8.64,49.6
9.74,40.7
3.07,24.8
6.28,39.9
7.54,34.1
0.58,10
2.46,26.8
11.63,58.6
1.84,16.2
10.61,57.7
1.83,24.4
2.54,22.9
6.34,32
5.04,29.3
3.8,27.7
11.38,54.4
2.12,24.3
4.4,21.8
6.81,31.2
5.71,34.5
3.25,22.1
3.32,21.8
7.85,33.9
8.06,42.7
5.8,33.8
2.82,25.7
3.38,25.2
4.77,29.5
5.19,37
6.65,31.4
4.26,30.6
7.75,33.9
7.7,37.5
9.92,44.2
4.9,34.1
5.86,34
4.46,28.9
2.84,17.8
14.37,65.3
9.22,43.6
7.61,42.6
4.8,25.8
2.69,28.2
8.38,36.3
4.41,25.1
6.17,43
3.38,22.9
5.6,27.4
3.51,26.3
3.59,23.5
5.55,29.3
1.82,14
1.87,31.6
3.04,22.4
4.23,19.4
7.88,48.7
4.38,31.4
4.78,26.7
4.04,23.2
5.85,37.3
2.83,21.6
4.52,20.5
6.13,43.3
5.53,31.1
4.87,37.2
4.91,36.4
6.47,32.1
14.77,72.8
2.94,20.2
15.01,60.6
2.86,21
1.11,18
3.46,23.1
5.92,33.1
13.04,66.7
2.69,22.7
6.45,32.7
1.99,22.7
12.77,61.4
9.32,36.1
3.59,27.6
10.17,52.4
4.5,29.2
9.59,52.5
4.85,27.4
4.97,32.4
3.64,18.8
6.94,40.2
5.2,40.5
6.53,32.3
1.7,15
9.79,46
11.19,55.1
5.18,26.9
14.17,67.7
12.33,62.7
7.02,41.1
10.24,43
8.76,49.8
1.44,21.7
4.09,31.3
7.31,41.5
11.61,57.1
1.91,23.9
1.5,26.4
4.67,25.5
1.15,21.2
4.58,29
6,34.2
2.61,15
4.65,28.4
8.3,39.1
3.45,23
2.89,18
4.53,27.2
2.44,19.4
13.57,64
4.94,23.5
3.08,17.2
5.49,34.5
4.51,25.5
4.21,32.8
3.45,26.1
3.35,27.5
1.73,24.9
10.23,49.5
6.76,35.1
5.82,38
4.47,31.3
2.59,21
2.97,29.5
1.85,18.1
3.19,24.3
2.37,21.1
11.94,53.2
7.98,42.7
5.07,37.6
2.76,24.5
2.44,21.4
4.3,27.6
8.17,44.5
1.88,22.5
6.71,40.2
3.19,22.6
3.55,27
4.98,33.1
2.82,18.2
4.17,28.6
2.67,12.4
3.35,26.9
7.46,43.3
5.13,34.9
7.44,38.5
3.16,25.4
6.74,44
1.59,24.4
4.98,30.8
7,39.2
1.55,22.9
3.18,17.3
4.97,29.4
8.52,50.4
3.35,29.1
6.59,38.7
10.61,45.5
6.76,37.5
4.26,25.5
6.02,36.4
3.29,20.9
5.09,26.7
4.39,19.4
5.91,40
3.73,24.4
6.1,35.9
3.71,26.1
7.94,37.4
3.94,21.3
1.18,12
2.49,18.2
4.89,32.2
11.88,53.6
7.76,49.3
1.04,20.6
1.78,22.4
9.15,46.2
6.98,45.3
15.54,70.1
3.62,25.6
2.78,23.3
5.05,34.3
3.57,28.4
8.66,42.8
3.5,22.9
4.09,30.4
2.54,24.9
7.47,38.6
2.65,14.9
6.17,34.5
13.04,64.4
1.42,25.5
10.9,48
5.71,31.8
2.29,18.9
5.16,37.7
7.34,39.7
2.9,18.9
6.37,38.7
11.42,53.6
3.5,19.8
2.52,17.6
4.47,36.8
5,32.7
8.92,46.4
4.38,27.5
3.69,27.3
2.48,22.7
1.56,19.2
2.04,20.3
2.03,23.6
4.11,27.7
1.74,14.2
4.68,27
12.87,52
9.07,55.6
4.09,31.4
17.68,75.4
5.01,29.8
5.44,29.8
4.42,35.7
4.74,23.6
3.42,25.5
4.13,27.2
10.94,57.3
9.63,48.1
1.15,8.5
1.87,18
2.92,18.7
8.21,43.6
9.76,55.5
7.32,32
2.29,17.1
3.47,22.7
6.44,34.8
4.16,31.1
3.82,25.7
3.86,28.5
9.22,44.2
6.82,39
3.98,30.6
5.87,31
2.1,23.5
3.47,25.4
8.71,49.8
1.68,17.5
6.87,39.8
1.14,16.1
11.99,57.1
3.42,26.2
6.12,37.7
5.18,26.1
5.29,38.6
5.8,25.7
1.5,14.6
5.36,31.9
4.31,30.2
3.43,32.1
2.92,14.7
5.44,30.4
2.54,12.1
8.62,44.9
6.38,37.5
5.63,40.6
8.42,44.5
1.36,21.9
2.05,22.4
6.54,34.9
3.03,17.2
3.27,25.7
1.87,12.4
2.55,27.5
8.73,44.4
6.45,41.9
5.4,30.4
3.35,25.9
5.2,32.7
9.17,46.6
3.08,21.8
4.73,31.7
12.42,55
7.27,34.2
3.38,30.4
6.93,41.6
1.66,18.6
4.62,37
6.93,37.1
6.05,40.9
6.89,39
7.78,37
6.33,44.4
6.23,40.1
5.47,32.2
2.37,24.3
8.73,43.4
4.72,33.7
7.17,28.5
8.22,38.6
3.48,29.6
3.68,24.9
3.99,28.1
9.68,42.7
2.7,30.6
10.64,57.8
5.44,31.8
5.67,31.7
8.02,47.1
5.08,40.2
8.79,49.7
3.48,35
10.45,47.6
3.65,22.2
10.67,47.2
3.71,28.1
4.06,28.2
2.5,20.8
2.94,26.8
4.73,35.5
5.56,26.3
8.43,41.3
4.23,31.8
2.3,18.6
6.06,31.4
5.34,36.9
6.45,30.7
3.21,22.8
3.45,26.6
3.21,21.6
9.36,51.1
10.5,49.3
3.36,31.1
3.4,24.4
6.98,41.5
11.17,57.8
12.56,56.9
3.27,15.2
3.79,28
5.73,34.1
5.89,36.9
4.33,27.4
2.88,21
4.74,39.1
12.55,53.1
3.48,28.5
5.53,30.4
17.34,76.4
3.45,23.7
7.17,35.6
12.86,63.4
6.82,44.2
8.99,48.3
7.73,41.8
6.5,32.3
10.31,53.5
7.04,48.5
4.36,26.9
5.28,30.4
6.01,32.3
3.78,24.2
5.42,20.2
4.97,32.7
7.02,34.9
14.83,61.1
5.61,36.7
11.33,50.2
6.88,36.6
5.41,39.2
3.65,19.5
5.43,25.7
5.24,33.1
3.08,28.9
3.39,17.8
6.04,36.8
11.27,57.4
4.64,20.4
1.82,22.5
1.05,19.9
2.47,20
7.27,45.3
2.05,24.9
7.94,42.6
7.04,36.7
4.55,24.9
3.1,23.6
4.16,30.4
5.95,33.2
2.09,10.1
10.62,58.1
5.92,35.4
6.32,34.3
7.01,42.5
10.04,57
5.44,20.1
7.27,41.6
3.13,17.5
12.59,62.1
5.22,32.4
3.12,26.7
3.65,23.6
1.31,8.5
3.63,23.8
0.9,17.3
7.58,45.4
6.21,30.3
2.56,26.3
4.69,26.9
4.82,31.9
2.24,18.2
4.21,28.8
4.91,34.7
4.15,22.2
3.12,20.8
2.5,22.3
4.06,38.2
3.36,20.9
6.75,46.8
10.4,60.5
8.17,42.6
5.01,29.7
3.19,21
8.04,42.2
6.99,32.2
9.98,49.6
5.44,39.4
12.22,55.7
5.44,31.6
3.18,16.4
3.56,27.2
6.56,38.1
3.35,25
12.17,57.3
6.25,34.4
4.95,33.1
5.2,31.6
4.12,29.1
1.54,18.8
3.56,30.6
11.31,58
5.53,33.9
8.7,51.9
8.85,47.5
4.72,35.8
7.05,41.5
1.65,10
10.8,58.9
10.3,51.7
6.46,36.3
5.65,34.7
4.76,28.5
9.28,48.3
7.53,38
3.85,32.4
2.3,20.2
2.03,18
9.23,42.9
4.7,31.1
6.39,37.1
5.06,33
2.05,15.2
1.68,11.2
3.69,28.8
3.89,33.5
3.88,22.1
3.95,34.2
14.27,67.5
8.63,44.8
5.58,31.4
4.63,23.4
4.72,34.4
7.37,36.5
4.6,26
8.13,47.4
5.94,26.1
14.35,59.7
4.44,28.8
8.98,47.4
2.44,23.5
3.24,23
13.26,73.8
7.93,41.1
6.46,35.5
16.46,71
4.67,30.3
8.97,48.9
9.35,52.9
11.64,49.5
2.26,19.5
4.65,31.7
5.88,37
11.53,55.8
6.31,38.4
9.36,43.9
2.13,27.1
4.02,31.7
10.28,45
4.34,23.7
4.88,25.8
11.43,58.5
2.79,16.8
3.21,22.7
1.99,21.6
11.69,56.1
8.54,45.6
8.41,39.2
3.95,29.7
1.89,16.4
1.57,16.5
10.32,52.3
6.71,38
7.47,40.5
5.71,30.3
2.97,21.9
4.06,27.4
2.53,15.4
2.33,18.8
8.14,44.7
1.66,12.6
2.54,26.9
4.21,33.7
5.15,26
1.97,25.6
6.26,35.1
5.53,34.9
10.22,48.6
5.2,35.9
6.64,39.1
3.08,20
3.16,18.8
2.11,13.4
3.1,24.6
4.02,29.9
9.64,51.6
2.81,22.1
14.71,62.7
6.98,35.5
6.17,40.6
4.96,28.7
4.41,29.4
3.39,20
1.92,20.8
2.87,20.8
11.67,61.1
6.73,41.1
11.61,53.9
3.34,24.1
2.48,18.9
4.93,24.3
2.94,19.3
5.56,34
1.68,19.8
1.22,17.3
6.03,33.6
11.86,61.3
6.19,35.8
6.69,40.6
5.06,23.2
5.35,14.7
1.86,20.3
3.01,17
9.59,47.5
3.97,25.7
9.48,55.2
5.26,33.8
5.42,33.3
3.99,30.9
7.27,41.3
8.3,41.5
2.91,27.9
1.98,14.5
1.36,18.6
6.51,29.8
6.08,36
17.1,77.8
5.08,38.8
4.55,22.2
5.67,30.8
5.85,37.9
4.34,30
2.97,24.1
4.92,26.4
4.81,27.6
4.76,35.7
7.71,41.1
4.86,32.2
2.01,19.1
3.28,19.1
4.31,32.6
5,33.3
6.59,47.4
5.03,26.5
1.23,20.4
2.16,14.3
6.85,38.7
4.23,32.5
5.29,22.8
3.91,25.9
3.27,21.9
4,24
5.32,33.9
4.84,35.4
8.27,42.8
1.77,19.7
1.93,19.8
4.2,28
6.63,32.3
7.47,45.4
3.35,26.1
0.81,16.9
3.42,21.4
6.09,33.1
4.79,29.4
6.77,30.8
9.4,40.1
4.38,25.9
3.65,28.2
2.72,19.4
1.92,14.7
1.61,14.5
3.15,21.9
8.67,43.4
7.15,48.9
3.55,30.2
14.79,72.8
3.28,29.7
9.91,45.2
11.25,49.2
6.33,31.1
3.13,29.9
3.84,24.1
5.4,26.9
1.95,17.5
2.56,20.7
2.42,22.4
6.61,38.2
9.35,43.8
7.31,42.9
8.48,41.3
2.97,22.6
3.95,30.1
4.14,24.8
6.32,33.5
3.2,26.8
8.18,39.2
11.07,52.3
6.51,39.2
3.85,35.9
2.8,25.4
2.43,23.4
1.24,19.1
4.21,23.2
4.07,28
7.89,41.8
3.33,26.1
4.36,29.1
5.72,35.4
6.45,35.1
7.38,40.3
5.39,27
2.03,18.3
6.12,41.5
3.18,25.5
9.6,48.4
4.9,39.2
5.58,27.1
17.89,75
7.45,48
6.06,35.2
4.44,27.8
2.14,14.7
4.25,30.2
2.78,25
11.84,52.1
6.1,34.5
9.4,46.2
3.27,25.6
2.91,18
7.04,44.4
2.71,26.4
3.67,24.3
12.16,57.2
3.76,25.7
1.86,15.6
1.44,15.5
1.71,17.3
9.71,56.2
3.4,29.2
17.57,83
11.14,56
13.83,59.5
8.6,44.5
6.82,42.3
2.84,17.1
4.82,33.2
7.22,49.9
8.3,48.3
2.27,27
4.29,29.3
4.59,33.8
4.48,25.8
2.46,24.9
12.9,64
4.2,29.3
2.58,27.7
13.09,59.3
11.15,53.5
5.26,32.4
3.6,21
1.63,19.2
6.53,29.1
3.45,29.8
4.75,30.3
12.42,56.9
3.29,20.7
6.37,35.2
7.5,43.6
9.54,50.7
4.55,26.1
4.26,24.4
4.2,30.9
6.01,31.6
10.88,53.6
4.08,28.1
0.9,16.8
7.99,46.2
5.03,25.4
6.54,28.3
1.67,15.8
3.45,33.2
7.62,50.1
2.09,28.2
6.36,35.3
4.73,22
3.01,12.9
2.86,20.1
2.48,20.5
5.02,36.9
5.37,36.3
3.84,27.6
2.38,17
6.25,31.4
8.08,43.8
6.92,41.4
14.15,67.5
4.32,23.8
10.27,54
3.2,26.1
2.88,18.1
5.2,28.2
11.59,59.1
4.03,26.3
1.67,25.5
7.99,44.6
4.61,27.3
5.77,33.9
2.98,23.6
5.18,28.4
1.83,14.8
13.02,64.6
8.85,49.4
5.04,33.9
7.86,48.7
3.2,21.7
8.63,52.3
3.92,22.8
3.75,21.7
2.59,13.9
6.2,33.6
4.91,28.4
10.46,54.1
2.4,22.2
6.22,30.3
9.35,45.8
5.43,31
3.87,18.7
5.35,27.9
9.98,46.5
9.98,56.4
4.49,29.9
9.88,52.5
4.77,23.4
7.81,47.1
6.65,43.1
3.78,17.4
2.65,18.9
9.49,50.3
11.03,56.8
6.13,32.2
4.76,28.7
2.21,17.7
9.35,48
5.72,39.1
4.11,24.1
7.94,46.7
1.96,15.9
2.51,17.7
3.13,27.6
6.53,41
5.38,36.3
6.98,32.6
8.99,44.1
7.13,42.8
13.18,62.3
8.98,41.3
4.49,31.1
3.44,21.9
4.57,37.4
7.28,46.6
3.67,28.7
7.39,46.2
6.91,38.5
2.62,25.4
8.88,52.4
6.01,35.9
12.81,59.5
4.78,22.5
4,26.8
2.41,24.9
2.39,25.3
8.28,45.7
12.07,55.4
4.53,20.3
4.36,26.3
5.04,29.8
9.23,45.7
2.64,24.8
5.57,42.1
8.38,44.4
6.48,35.6
0.75,13.7
7.15,39.7
6.52,33
10.27,51.6
11.52,57.8
9.97,50.8
5.06,33.3
1.62,20.1
4.34,20.5
4.96,33.7
11.98,54.5
2.99,18.4
1.99,14.6
3.69,28
3.1,22.8
1.87,11.5
4.59,31.6
5.08,24.8
1.8,19.5
3.99,28.2
2.97,27.3
5.18,39.7
5.49,26.7
2.98,23.1
8.84,44.3
4.9,32.6
3.06,24.6
1.73,17
5.67,31.6
6.51,31.7
3.56,30
5.28,34.1
11.52,59.9
8.05,41.2
1.08,13.1
3.04,18.7
4.46,30.6
5.06,26.5
5.35,40.6
6.27,29.9
4.55,30.5
4.89,37.6
8.29,46.2
5.73,34.6
2.26,16.2
5.16,25.4
4.47,32.5
1.32,23.8
5.32,30.2
2.46,16.2
8.36,32.7
6.22,31.2
2.18,19.8
8.14,50.1
10.36,54.4
4.14,29.1
4.45,27.1
7.69,38.6
9.92,56
1.55,18.8
2.35,11.5
3.73,23.1
3.99,23.3
7.56,38.3
9.95,52.3
10.38,51
1.53,17.5
2.87,28.8
3.31,21.4
2.86,31.3
6.21,32.6
6.65,37.7
4.85,29.2
4.58,30
3.83,28.6
4.12,29.6
11.45,52.1
7.23,34.4
3.92,38.2
4.53,27
6.29,39
2.18,13
5.27,30.8
7,38
6.48,38.8
2.9,10.8
3.25,25.1
1.23,11.5
7.43,41.7
14.26,61.5
2.65,18.2
8.95,44.8
13.53,58.7
3.6,23.5
4.53,23.8
5.62,25.1
6.36,40.7
5.8,28.2
3.78,25.6
6.93,41.7
3.83,23.8
6.04,31.2
4.75,31.1
1.43,22.5
9.71,43.6
3.31,23.9
10.27,43.2
8.75,43.5
5.52,33.1
6.56,33.1
7.02,36.6
4.28,21.9
4.4,29.1
6.83,42.7
4.78,25.2
3.79,23.6
2.93,25.4
6.15,40.8
3.24,17.6
7.9,41.3
8.29,44.8
6.53,36.4
7.34,28.7
6.54,39.1
7.64,47.9
7.45,40.8
5.95,30
8.81,43.2
4.37,36.6
2.99,27.5
2.89,25.9
3.99,28.8
1.31,14
5.49,32
7.08,38.6
8.22,45.7
1.61,24.9
2.95,28.2
7.76,35.1
4.29,29.3
6.99,41.9
2.11,22.8
10.2,47.9
2.01,32.8
5.4,26.8
5.48,27.9
3.54,26.5
6.39,45.8
6.5,32.9
6.09,33.9
3.5,30.1
3.09,23.7
3.74,24.7
2.84,25.3
9.04,47.6
3.94,31.6
5.31,38
7.74,42.8
2.75,23.8
1.96,20.4
2.84,25
5.65,33.7
5.43,32.6
6.09,40.5
4.54,36.1
0.89,8.6
4.45,29
8.34,40.6
9.59,47
5.1,33.2
5.44,35.7
6.91,37.8
9.43,39.2
4.83,26
6.86,42.1
3.41,12.6
2.14,25.5
3.63,28.1
10.67,58.5
6.94,37.5
2.27,11.3
7.12,41
2.38,26.8
6.04,39.1
2.68,19.2
2.19,20.7
11.69,54
3.94,23.3
6.86,42.4
4.95,25.4
2.5,17.5
4.19,23
2.52,14.9
16.52,75.4
7.58,46
4.9,29.8
6.65,30.5
7.3,43.5
7.31,47.4
7.13,36.2
6.82,35.8
5.14,33.9
11.18,61.8
5.34,30
4.98,24.9
5.36,35.2
5.59,36.8
1.62,18.2
2.82,20.2
4.54,33.7
1.57,20.3
4.9,27.2
5.55,33.3
2.08,13.8
3.26,27.5
9.81,48.1
6.69,35.5
6.47,36.4
9.13,46.9
2.86,26.9
2.09,22.6
8.44,43.4
4.61,33
2.81,24.5
1.61,16.2
5.4,32
4.3,27.7
3.86,28.9
1.04,14.3
11.1,52.4
1.85,27.9
4.09,31.8
3.69,22.6
6.81,40.4
1.63,18.7
6.34,37.9
5.42,33.2
3.16,29.4
6.21,37.2
4.89,30.3
12.61,64.6
4.3,29.4
2.58,22.4
6.38,37.7
3.98,26.7
4.83,30.4
2.1,17.3
6.87,34.7
3.59,21.1
5.66,27.2
14.42,62.8
4.15,27
7.41,40.6
4.32,27.2
3.19,13.5
10,57.1
1.33,21.9
8.53,46.4
1.24,25.3
8.03,38.1
4.88,39
2.59,17.5
3.74,27.3
7.18,33.6
13.64,63.9
1.67,20.1
2.69,21.5
1.98,22.7
4.3,28.8
8.15,40.6
1.81,16.3
4.8,33.9
8,39.5
3.71,30.2
5.45,38.2
9.58,40.9
2.38,26.1
1.42,26.7
5.84,35.3
5.94,37.3
3.55,30.2
3.13,22.7
4.93,31.6
2.36,15.1
2.36,21.6
7.16,41.4
2.25,22.9
1.48,22.4
3.13,20.4
3.6,23.3
6.34,44.6
3.3,23.9
10.51,52.8
5.09,31
2.86,19.2
6.19,42.8
10.41,49.2
7.04,33.7
1.74,16.6
3.8,17.4
5.61,30.4
6.88,33.8
4.32,31.2
3.96,24
12.56,63.7
7.1,45.3
6.2,39.1
3.39,23.9
2.33,21.5
6.26,28.9
7.55,40.1
4.82,26.4
7.12,42.2
7.22,51
7.84,44
1.72,9.6
3.86,25
6.48,37.2
4.98,31.3
7.23,36.2
6.19,36.6
1.08,10.5
8.93,41.7
3.57,28.5
2.76,17.9
8.76,47.7
6.92,32.1
9.47,55.9
5.65,30
3.83,25.5
5.27,33.5
2.45,18.8
1.95,20.1
3.23,26.9
11.1,58.5
3.44,28.6
1.5,16.9
4.39,28
3.41,35.5
9.03,50.6
10.65,48.3
3.73,26.6
5.65,32
5.93,33.9
4.69,24.3
4.19,26.1
2.64,30.2
1.35,19.7
2.63,10.8
4.59,34.9
1.81,23.8
5.47,31.2
5.04,34.4
3.41,21.1
4.08,25.4
2.02,26.4
7.76,40.3
7.69,32.8
2.26,20.3
2.3,20.4
2.65,27.5
6.67,37.4
5.92,32.6
8.71,49.8
9.27,47.8
1.71,15.1
6.53,42
9.06,47.3
3.92,26.9
4.76,30.9
4.34,23.7
4.46,26.6
7.75,41.5
12.29,57.8
10.31,56.9
3.51,26.3
5.66,37.4
2.91,23.1
3.1,28.5
4.64,31.4
3.05,23.7
3.34,24.6
5.58,28.9
6.48,38.9
6.38,36.1
6.41,34.1
2.12,25
2.95,17.6
4.95,28.9
8.82,50.1
16.18,74.9
5.79,33.8
7.32,40.9
1.97,20.3
7.21,32.6
13.74,62.6
2.95,30.5
3.41,22
7.89,40.5
4.91,28.2
1.28,16.5
3.54,22.8
10.62,54.5
4.06,28.3
4.06,30.9
7.6,36.2
5.91,32.9
3.93,25.9
3.27,26.5
20,84.4
9.63,52.7
6.41,41.7
6.65,32.8
4.47,26.8
5.87,31.9
4.19,39.8
2.78,20.6
6.01,42.4
3.97,21.4
6.19,31.1
6.88,35.1
6.38,32.4
2.64,20.8
3.72,22.9
4.02,23.6
8.39,49.1
8.14,48.4
3.06,27.9
2.08,22.3
16.62,75.6
6.24,33.5
1.91,15
3.37,26.4
8.59,39.4
14.35,62.1
13,66.6
6.08,43.7
4.84,32.2
2.48,26.4
5.09,30.2
2.7,16.2
3.74,29
7.88,44.5
4.18,28.2
4.01,26.1
4.69,34.2
18.03,76.1
2.31,17.3
5.71,29.2
12.35,59.3
4.68,24.9
9.53,45.1
1.99,16.4
4.26,27
2.88,16.3
4.65,30.1
4.71,35.5
5.01,31.6
7.84,48.7
1.01,21.8
3.28,28
5.49,33.2
1.32,17.1
6.93,41.8
3.24,22.5
4.31,19.9
8.05,44.8
9.77,44
7.05,34.5
2.27,20.6
6.85,37.6
7.11,32.7
6.32,36.8
10.69,57
5.08,26.2
10.45,57.4
10.42,44.6
7.23,49
5.77,32.1
6.34,36.7
12.01,49.1
8.82,45.2
2.45,22.3
6.11,34.8
2.79,20.1
3.18,19.8
3.83,31.6
1.87,19.2
2.67,29.1
11.02,51.5
3.17,22.1
7.87,45.6
5.36,25.1
6.67,31.9
6.84,42.9
2.6,16.6
7.84,33.6
2.12,28.5
3.09,17.5
6.78,38.6
2.49,21.8
1.24,5
5.95,33.4
1.67,20.4
7.16,40.8
4,31.3
5.9,32.7
5.83,37.4
7.46,37.2
6.9,31.9
2.48,15.6
4.15,21.2
5.89,38.9
10.56,45.3
6.93,39.6
10.04,49
6.07,34.6
8.9,52
5.61,31.3
8.7,47.8
3.88,26.9
11.26,54.1
6.48,47
1.88,12.7
6.01,40.6
6.95,41.4
8,40.2
13.51,70.7
3.51,17
13.56,61.2
4.84,25
2.99,25.2
3.56,20.5
6.71,39.4
2.73,21.5
3.92,24.7
5.92,36.2
11.21,53.4
7.86,37
4.96,43.5
6.69,35.2
5.58,23.2
2.25,16.8
12.33,53.2
11.31,58.7
4.62,31
3.64,27.6
2.28,19
6.94,37.1
6.96,36.8
2.87,22.5
5.62,37.1
7.72,42.8
3.48,27.5
4.28,30.5
4.26,32.2
2.99,24.7
4.33,30.1
1.69,23.8
4.12,24.7
4.16,24
4.65,24.3
6.4,37.1
2.17,11.9
2.43,23.3
2.94,22.7
2.03,24.8
6.83,34.9
3.39,24
4.74,35.1
2.78,28.8
3.86,23.6
5.78,34.8
5.95,35.9
2.5,23.2
4.6,28.3
2.81,28.4
4.5,20.6
3.22,22.3
12.78,62.6
7.7,43.3
6.1,41.3
4.06,32.8
7.83,40.5
4.68,35.6
12.04,54.5
8.28,47.7
3.84,34.7
11.25,60.2
4.08,28
13.2,60.7
11.6,49.2
5.76,35.3
1.73,13.6
5.5,29.3
2.34,15.5
3.28,22.4
3.43,24.9
2.33,22.1
5.52,30.3
3.04,28.4
4.19,27
3.45,21.6
6.42,37.4
6.15,44.2
3.99,28.7
6.61,35.5
9.55,41.4
1.14,15.3
3.33,25.7
2.62,20.2
3.15,16.5
1.02,12
1.11,22.8
0.73,21.2
3.52,21.4
3.46,28.2
10.34,46
5.26,38.3
6.51,37.8
20,92.3
1.14,8.6
12.15,61.2
4.7,29.8
3.7,29.9
3.36,28.9
5.88,34.6
3.72,23.4
2.29,24.2
3.44,24.8
5.98,30.8
7.18,35.1
12.87,54.3
5.13,29.2
9.88,54.5
4.29,29.1
4.65,27.3
4.5,32.7
5.5,29.2
7.93,42.6
3.63,25
2.71,25.8
8.3,36.4
7.96,38.4
10.78,45.6
3.29,23.3
4.19,33.4
8.48,41.9
3.6,23.4
7.01,42.6
4.3,33.1
5.86,33.9
2.26,23.7
5.09,26.5
9.44,54.1
7.55,50.4
2.6,24.2
12.28,49.3
9.11,44.1
2.32,23.6
3.46,23.3
2.41,26.9
5.96,37.3
3.36,21.6
1.29,17
4.63,25.6
8.11,42
5.15,29.1
6.64,42.5
5.45,42.2
7.37,33.6
5.74,25.2
4.48,27.9
5.11,24.6
11.01,54
6.86,41.4
2.59,28.6
5.07,32.2
5.89,33.5
4.39,19.8
1.29,17
2.76,22.8
3.73,29
13.1,58.6
6.43,34.5
1.69,11.8
4.56,19
10.03,45.1
3.33,17.6
8.67,46.5
1.72,16.2
0.7,12.2
9.41,43.3
3.61,11.2
3.79,33.2
5.42,28.1
6.29,34
0.86,8.7
3.17,28.4
5.01,31.7
6.29,32.2
2.57,20
4.25,35.7
3.33,24.3
5.53,32.2
9.22,42.8
3.92,18.4
1.92,18.6
3.06,25.1
12.21,63.3
2.77,12.4
2.17,15.2
3.77,23.7
4.56,29.3
3.45,24.5
1.73,18
5.85,36.1
5.53,28.9
7.21,43.6
5.46,34.7
11.63,54.8
7.54,47.9
6.67,44.3
9.42,52
5.26,18.4
4.31,35.5
5.81,37.7
1.25,25.8
5.27,37.6
4.56,36.4
6.19,39.5
8.68,51.1
6.79,46.8
3.07,24.6
7.87,34.8
11.73,55.2
8.81,47.2
2.03,20.1
6.75,32
2.23,13.1
4.05,24.1
6.08,38.7
5.62,40.5
8.71,49.2
11.76,61.4
6.45,36.1
3.86,18.8
1.29,14.9
9.99,48.8
4.58,27.2
4.72,30.2
4.96,32.8
6.27,39.7
6.38,35
4.09,19
4.55,27.1
3.29,24.7
3.07,29.2
3.06,21.1
4.52,31.5
2.69,23.5
0.67,14.7
3.82,30.7
2.12,17.1
5.16,29
3.28,24.4
6.32,33.1
2.25,22.8
1.45,14.3
4.56,30.3
3.72,25.7
2,20.6
7.54,38.6
2.5,20
2.97,23.7
8.39,44.8
6.54,36.8
2.33,28.5
3.93,22.5
2.18,20
8.03,35.4
8.03,44.2
12.76,55.5
15.62,70.1
3.26,22.7
7.29,41
1.32,14.5
5.4,29.8
6.21,42.1
2.59,23.1
3.13,21.4
8.06,41.5
6.3,43.3
11.83,55.9
11.04,50.9
1.56,14.8
3.47,22.7
2.42,18.5
7.47,34.6
5.72,28.7
2.53,17.9
2.79,25.3
9.65,47
3.72,25.2
1.19,22.2
2.38,26.9
13.25,61.1
8.53,41.6
2.09,16.1
5.4,35.6
8.22,42.3
1.54,16.1
8.76,41.6
6.27,32.4
3.01,24.9
6.86,32.1
5.77,38.4
6.01,32.4
5.28,31.4
2.72,16.3
3.06,23.6
4.17,26.4
4.97,30.7
7.1,45.6
13.43,63.8
5.55,29.5
7.03,35.5
7.98,45
7.32,45.7
2.66,23.4
10.17,53.7
9.27,50
5.24,38.3
2.76,13.7
4.92,33.7
1.67,22.8
10.94,47.5
3.24,20.3
4.04,23.5
10.49,48.6
9.78,47
5.91,35.5
11.88,61
2.6,26.7
5.91,30.7
2.62,18.2
8.95,51.9
8.77,48.2
12.36,59.3
4.83,32.5
14.33,66.3
2.48,23.8
4.68,28.3
2.54,22.9
5.44,25.9
2.68,19.1
8.96,43
6.39,34.6
2.35,16.8
7.78,39.2
11.4,48.5
6.75,40.1
1.93,19
4.41,21.1
7.26,35.8
4.16,29.3
2.46,18.9
9.56,45.2
4.05,27.1
11.41,56.9
3.48,18.8
3.91,29.3
3.31,21
4.36,28.5
6.33,35.9
2.54,19.3
2.25,15.9
1.52,16.5
1.41,24.7
1.94,13.2
3.46,32.8
5.38,31.3
6.12,35.4
5.23,27
10.66,49
12.63,57.7
4.06,22.7
2.57,20.8
14.84,66.6
9.37,55.9
8.97,40.8
3.38,25.3
7.9,43.1
5.26,27.2
4.62,32.6
4.61,27.7
6.5,25.5
10.86,56.2
15.55,66.1
3.75,21.5
5.43,35.7
4.55,27.7
6.25,39.9
4.21,33.4
3.13,21
3.75,29.8
3.41,21.6
4.41,38.8
2.03,16.6
3.45,29.7
6.21,39.4
6.18,36.9
5.62,30.3
10.32,50.5
6.36,26.5
10.13,51.5
15.56,72.7
8.01,43
2.04,6.4
5.75,28.2
5.26,28.6
11.39,56.6
4.51,30.4
2.87,22.1
3.57,28.4
2.09,15.3
0.67,17.3
14.12,67.8
4.89,32.3
2.22,19.6
11.99,65.8
13.16,64.2
5.37,28
1.97,20.6
3.63,29.2
4.22,25.4
4.99,35.9
2.4,22.8
8.4,33.4
1.12,17.6
9.19,45.1
10.33,53.7
3.85,30.9
4.65,30.5
11.08,61.6
7.1,38.2
3.94,29.8
4.23,31.7
6.52,36.3
13.39,66.4
4.32,25.7
3.87,24.8
4.97,25
4.99,32
5.86,35.7
4.66,35
9.51,51.7
2.73,21.1
6.24,30.4
6.39,38.2
2.89,28
6.21,39
6.49,41.5
0.86,14.3
2.57,19.7
11.62,52.8
3.34,24.4
2.21,20
1.37,18.1
2.42,20.6
4.54,28.7
2.11,16.5
7.16,43.4
2.85,23.2
5.88,33.6
10.66,49.1
10.28,45.1
5.82,40
2.32,23.3
4.73,22.7
5.94,38
17.23,81.6
1.36,17.7
4.74,37.2
7.01,39.6
5.21,25.4
5.56,34.8
2.97,24.4
8.31,40.9
4.99,33.5
5.54,25.5
8.83,50
4.02,23.3
9.96,45.4
2.07,19.4
5.73,35.7
2.85,23.6
2.39,17.7
13.3,60.3
2.14,15
5.05,30.2
2.03,24.6
9.6,48.5
3.77,30.2
8.8,52
6.87,35.5
15.77,71.1
1.77,28.5
2.55,28.2
8.53,36.9
5.9,36.2
4.2,28
14.1,69.3
4.84,27
2.92,19.3
8.86,42.6
4.93,28.2
5.17,35.3
7.21,34.1
7.38,37.2
2.53,13.6
4.05,31.9
1.92,25
5.95,33.1
13.17,60.7
2.6,23.9
1.69,25.1
3.22,26.1
4.18,24.7
7.41,32.9
3.91,21.8
6.02,35.2
3.53,22.5
4.32,29.3
2.86,20.4
2.31,16
7.57,35.5
3.68,33
6.28,39.9
2.83,30.5
4.85,32.9
1.14,14.4
3.86,32.6
3.02,23.3
9.38,48.6
2.08,19.7
4.43,15.6
5.91,41.7
8.63,47
7.94,43.7
4.65,29.4
5.05,31.9
9.37,44.9
4.59,32.2
5.38,26.6
9.55,49.1
17.04,79.3
5.66,32.6
6.6,38.7
7.8,37.2
9.5,43.8
8.75,46.3
3.36,27.8
5.89,25.9
8.79,47.8
10.67,50.1
4.43,28
5.8,28
6.21,31.8
4.95,35.2
5.71,33.8
20,86.3
4.32,27.9
4.53,31.4
1.58,20
1.41,17
6.47,41.5
8.81,49.8
7.88,43.8
2.82,23
7.61,43.9
4.48,30.4
3.83,31.3
1.95,23.5
3.05,19
6.56,32
5.85,31.1
5.35,36.7
1.06,8.9
5.38,34.2
3.33,26.3
5.88,39.6
9.67,49.6
3.64,19.8
5.15,27.3
14.05,60.1
5.7,31.2
4.77,29.3
2.85,17.6
7.74,48
2.55,15.7
9.91,55.7
7.1,44.3
3.4,29
2.91,19.9
2.96,24.8
1.43,11.7
6.38,40.3
1.15,16
4.58,27.6
4.41,23.3
3.94,15.8
6.35,31.5
3.41,30
5.39,30.7
9.91,48.9
6.8,40.8
3.73,34.3
4.86,36.4
3.94,22.6
4.37,19.9
5.49,43.5
1.9,29.4
1.62,19
2.7,16.5
6.53,41.1
7.06,38.3
7.69,40.7
2.77,26.6
5.13,33
3.8,21.1
4.48,27.6
3.76,29.3
5.68,35.9
3.14,25.1
9.28,51.5
9.33,45.8
6.41,37.2
8.66,29.7
1.85,17
9.59,51.9
6.05,33.2
3.26,22.3
3.06,18.9
11.5,60.2
7.76,44
4.41,32.5
1.84,11.2
9.88,48.8
2.32,19.6
3.84,25.3
4.4,25.9
3.03,22
4.28,32.1
4.81,21.7
4.23,36.1
5.84,36.4
11.75,56.5
1.89,23.3
5.31,25.6
2.34,17.9
1.78,18.2
8.27,49.6
5.59,33
1.71,20.5
4.28,25.6
2.71,24.5
4.37,36.2
7.21,43.9
6.78,37.4
3.78,29.4
8.5,46.9
10.37,53.7
7.28,44.7
3.39,29.9
4.46,28.4
11.54,58.7
3.95,25.3
6.8,33.7
3.01,22.2
8.54,44.1
2.79,15.1
4.58,33.3
6.66,24.9
12.91,73.3
5.53,39.8
4.11,26.4
3.92,26.9
8.32,45
6.34,33.4
7.13,40
11.07,53.4
5.01,30.6
6.08,35.9
3.88,20.8
2.93,23.3
3.3,25.3
0.92,16.1
6.62,36.2
6.22,40.8
6.53,35.2
2.81,23.7
3.34,30.5
3.27,24.1
9.02,47.2
5.41,32.1
4.98,36.5
7.51,39.4
3.28,30.2
5.99,34.3
13.89,60.9
9.85,52.5
5.94,33.2
5.09,34.1
6.5,24.4
10.64,52.5
10.21,48.7
11.68,51.6
5.59,30.8
1.14,13.8
13.32,62.4
2.93,17
7.44,41.7
1.15,22.5
4.92,32
3.96,30.7
11.7,61.4
5.98,40.3
4.89,39
6.38,34
0.75,11.6
3.23,27.8
3.55,28.7
6.98,42
2.53,30.1
5.44,32.7
4.6,31.4
3.34,20.3
3.48,34.8
4.58,27.9
1.35,15.7
7.57,39.2
2.92,20.2
4.11,24.3
11.45,53.2
7.65,34.9
2.25,17
0.7,23.4
6.54,40.2
4.21,32.2
5.46,38
7.5,48.8
8.2,35.2
3.72,20.6
4.53,25.6
6.1,33.1
6.33,34.7
5.43,30.6
10.72,53.7
6.29,36.1
7.44,37
5.71,23.9
2.52,17.1
3.22,21.8
2.19,19.2
8.74,40.1
1.7,16.3
4.42,23.7
3.85,26.1
3.79,21.6
3.99,23.3
11.89,51.3
1.29,16.2
9.95,45.9
4.21,32.1
7.89,43.8
5.07,31
2.34,17.3
10.5,53.6
9.58,51.5
2.45,22
6.83,45.2
3.32,26.7
1.75,22.8
2.92,23.7
10.15,53.6
8,38.8
4.02,25.2
10.18,52.3
9.16,48.3
2.92,25.4
11.62,61.1
3.83,20.1
4.16,23.4
1.31,18
3.28,21.2
4.44,44.1
5.8,36.4
2.34,20.5
3.01,21.1
11.77,54.6
8.81,45.6
9.76,49.6
4.67,27.7
5.91,33.2
6.92,44.3
11.67,62.6
1.72,19.7
3.49,19.2
5.59,35.7
5.09,38.3
2.99,29.5
6.58,40.3
3.57,32
4.87,30.7
6.4,39.1
3.68,22.9
7.62,42.3
8.43,50
3.06,21
3.56,21.7
2.57,22.2
4.81,29.3
5.8,37
3.9,24.8
5.71,41.4
3.5,19.5
3.57,31.2
5.98,31.3
3.72,18.1
4.65,30.7
6.11,34.1
5.66,28.5
3.53,17.8
8.93,45.9
1.67,22.7
0.64,17.1
6.74,37.9
5.59,35.4
2.35,20.8
5.17,25.2
3.24,17.9
6.46,35.6
0.69,13.9
4.12,31.5
3.43,28.4
7.63,43.7
1.34,15.8
4.97,24.7
6.69,39.3
12.92,63.5
3.56,14.8
5.86,30.5
1.4,14.2
4.82,30.8
9.31,43.8
12.99,61.2
6.19,34.6
1.66,17.6
10.17,47.4
1.67,15.5
2.21,15.5
10.67,54.3
4.61,32.1
3.32,21.1
7.23,46.3
5.34,30.9
8.83,52.4
5.48,29.9
5.56,24
8.65,46.7
4.57,30.5
2.71,22.5
7.48,37.5
4.03,27.2
5.75,31.5
1.21,15.2
4.46,32.7
3.47,26
1.19,19.3
4.54,28.2
4.64,28.1
6,29.6
9.22,45.4
8.38,28.9
3.62,23.1
5.4,32.2
6.51,39.3
3.69,24.8
1.77,20.3
4.25,18.3
9.44,47.6
1.71,10.9
2.53,16.2
2.89,22.1
2.55,27.4
7.25,41.2
3.23,24.4
7.37,39.9
4.97,27.7
1.46,15.1
3.74,28.1
8.52,38.1
5.3,34.8
3.92,25.1
9.51,51.9
2.37,25.3
3.31,17
8.06,40
7.16,35.4
2.25,12.4
6.38,31.6
3.2,35.1
1.16,19.2
3.96,35.7
13.47,66.9
8.61,41.4
4.7,28.1
1.65,20.9
1.18,18.5
4.97,28.3
6.14,28.5
7.3,54.5
6.82,37.3
7.16,37.7
5.7,34.2
9.39,46.6
3.46,25.7
4.93,36.5
1.46,17
3.42,19.8
8.47,43.5
7.03,36.6
0.93,21.9
14.05,70.7
5.31,32.7
5.37,26.7
3.28,18.9
3.75,26.3
5.28,33.6
6.79,36.1
5.86,32.1
3.45,22.4
2.69,22.1
2.57,11
8.85,40.7
8.24,40.5
6.43,41.9
8.82,41.9
4.48,29.8
7.84,42.8
6.63,43
7.96,47.9
2.4,20.9
0.85,13.1
5.65,30.5
3.88,25.7
1.03,14
9.68,51.3
8.26,45.3
5.95,37.3
2.79,28.3
1.42,25.8
1.03,16.5
3.4,29.9
7.22,37.9
3.91,32.2
6.48,41.4
6.67,41.9
7.16,39.6
1.27,13.8
2.96,17
6.41,36.2
10.9,60.3
9.18,45.5
5.77,37.5
9.74,52.8
5.74,32.5
1.68,24.3
7.09,25.9
9.36,42.1
12.88,56.8
3.34,21
2.24,22
7.85,43.1
6.18,37.3
5.86,37
9.82,45
7.83,36.3
6.53,38.6
3.61,22.9
7.46,33.3
2.18,24.7
5.73,40.1
4.73,37
1.63,19
6.19,38.3
3.34,30.9
6.1,32.3
2.58,26.8
7.88,43.2
11.88,61.3
2.18,21.1
2.58,27.6
1.95,20.4
4.23,21.4
6.05,41.5
7.2,35.1
5.66,39.1
7.07,38.5
4.63,34.9
3.32,29.7
2.62,23.9
4.33,30.7
2.66,24
5.94,25.5
2.69,22.8
3.55,20.5
8.83,46.3
9.32,42.3
9.15,41.4
4.68,37
3.41,29.8
6.48,36.6
2.73,23.2
7.41,39
3.21,26.8
4.22,25
7.5,45
1.38,16.1
3.3,22.7
6.02,35
6.79,35.1
6.16,36.9
4.19,25.5
7.94,44.3
2.57,27.2
2.5,18.3
5.98,34.1
2.38,23.1
12.12,56.1
3.36,26.9
7.86,44.4
2.13,25
10.67,49.8
4.88,26.3
3.3,23.2
4.01,22.9
2.98,25.9
4.21,22.8
2.21,30.9
3.37,30.6
7.77,41.6
5.48,36.7
2.53,14.2
4.3,39.7
9.38,45
3.62,25.2
2.37,12.7
6.65,39.5
1.07,11.1
4.07,27.9
9.85,47
4.23,23.2
8.22,39.6
2.35,21.9
4.13,21.9
3.89,23.4
6.44,39.5
5.04,42.9
10.62,54.5
3.49,21.1
5,29.3
3.98,27.3
4.78,28.6
4.53,33.3
2.71,23.3
7.53,44.7
3.15,22.6
3.01,29.4
1.69,17.7
3.43,20.7
3.13,33.7
1.19,8.3
4.2,24.6
10.34,48.5
1.89,30.5
4.73,38.1
4.14,34.5
6.95,36.9
7.25,50.5
14.78,69.8
5.6,37.7
2.87,23.7
3.37,24.6
3.59,24.5
3.21,23.3
11.82,59.7
7.05,40.4
6.41,36.2
2.41,28
7.21,26
8.97,48.4
4.19,31.2
3.35,29.9
10.77,52.6
3.08,24.6
2.89,27.4
2.6,28.6
4.59,28.1
5.59,34.4
8.28,51
6.58,27.4
6.52,33.7
9.76,55.7
2.52,26.5
1.82,21.3
6.76,35.7
4.47,25
8.3,40.9
4.72,36.9
3.28,21.6
6.82,38.4
5.08,27.9
4.72,33.7
16.35,71.7
9.34,47.1
7.33,32.3
5.17,24.4
4.91,30.7
4,21.2
5.48,42.3
3.55,16.2
2.19,16.7
4.69,29.9
5.75,32.2
8.31,38.6
2.9,18.7
4.93,26.3
6.55,35.6
6.46,45.3
11.48,56
4.05,32.7
2.75,24.7
5.13,36.5
4.18,15.3
3.74,24.8
3.44,31
5.76,31.3
3.15,31.9
7.32,46.5
7.13,37
6.07,32.8
2.52,17
5.61,30.5
8.63,39.2
7.63,42.9
7.03,32.2
4.89,33.3
4.76,32.9
9.42,40.3
5.71,40.7
5.75,36.2
19.06,87.8
3.99,23.7
1.13,19.1
4.35,33.6
4.5,28.7
5.66,42.5
6.43,36.6
1.26,21.9
6.5,38
4.67,32.4
4.1,20.1
1.63,19.9
10.54,48.7
3.71,22.3
7.08,46.8
2.87,21.9
5.8,29.5
4.14,26.1
6.96,32.6
4.06,33.9
2.79,19.5
4.79,32.6
4.65,35.8
5.58,31
8.16,45.4
2.42,16.6
7.93,53.1
2.2,24.6
6.8,37
6.93,34.9
3.6,25.2
2.96,21.7
2.87,31.7
5.06,25.7
7.18,39.9
4.43,28.8
1.06,15.5
3.45,24.6
3.38,24.3
6.4,40.2
6.59,39.8
5.29,34
7.94,28.5
8.27,44.8
3.58,18.2
2.83,25.7
4.61,36.2
5.28,27.9
3.47,24
20,85.3
10.2,56.3
3.28,24.9
2.48,29.2
3.12,25.7
8.35,44.8
8.47,44.5
10.27,54.7
2.78,14.7
6.39,36.7
2.94,22.9
11.51,59
2.84,21.9
2.14,15.5
2.39,21.1
4.8,25.4
7.12,30.4
6.86,41.3
2.46,24
3.82,28.6
3.53,31.3
2.25,17.6
3.48,18.8
10.02,49.8
2.06,18.3
5.49,29.1
10.15,50.2
9.86,46.7
11.81,48.6
5.8,32.1
6.29,30.8
3.52,26.4
2.04,16.8
4.43,33.8
8.93,53.2
1.05,19
3.62,18.8
6.64,44
4.84,37.5
9.56,48.4
8.42,49.9
1.88,16.7
5.08,22.9
3.02,20.1
3,31.2
1.97,12.8
5.58,33.2
9.67,48.9
5.87,32
1.9,17.2
4.68,30.1
6.49,34.1
4.48,22.6
5.81,35
3.18,28.9
4.18,31.8
4.02,23.6
10.67,46.9
2.49,20.2
1.14,23.4
10.29,54
5.18,34.9
2.18,24.3
8,44.3
6.72,38.1
11.65,59.3
5.43,30.2
16.38,67.9
4.5,32.4
6.73,43.1
7.28,34.6
20,91.7
3.7,33.6
3.63,25.8
7.37,36.3
2.06,20.4
3.01,21
4.43,26.1
11.45,57.5
7.37,32.8
5.06,24.7
3.49,25.3
14.05,65.3
4.67,31.3
3.01,31.9
15.59,71.7
2.12,22.7
9.84,45
4.88,34
7.36,37.6
6.62,37.5
7.3,39.3
16.39,78.9
14.97,63
3.11,13.5
6.47,35.6
1.52,19.9
7.76,42.2
8.81,51
1.15,18.3
4.77,27.6
7.35,29.5
5.95,33.5
2.15,24.8
2.3,19
4.44,29
3.7,28
3.92,22.3
1.96,22.3
4.93,38.1
11.5,54.9
2.21,15.3
4.22,27.7
6.89,28.2
1.68,19.9
4.96,32.9
8.66,52.4
2.52,20.7
5.25,33.8
8.3,39.7
15.91,70.9
5.09,24.5
3.05,22.7
1.38,15.9
3.07,25
1.89,16.4
12.04,58.1
8.01,40.9
2.3,19.2
2.95,23.6
5.04,31.3
8.62,48.2
6.48,36.1
6.12,33.7
5.45,31.9
2.38,17.8
5.08,29.7
4.72,39.1
1.87,15
11.86,55.8
3.32,22.9
1.91,18.1
3.67,24.5
4.12,28.9
4.63,21.9
4.08,32.2
4.79,33
5.29,26.5
5.13,21.3
6.1,30.8
6.31,34.9
6.4,47.9
7.35,42.4
3.1,15.6
3.17,20.9
8.65,44.6
3.74,27.4
4.48,23.1
4.24,27.5
15.58,68
2.78,17.6
2.74,23.6
4.8,33.7
4.31,32.2
2.29,23.3
4.57,27.1
4.88,33.8
3.51,26.7
4.4,29.3
2.95,20.5
2.29,18.5
3.72,26.5
2.51,32.5
2.02,21
1.35,14.4
5.51,29.2
3.65,23.7
8.67,54.7
3.84,24.8
5.49,36.9
3.22,22.5
4.71,31.1
1.35,20.7
3.69,23.4
2.79,19.7
8.17,50.5
5.29,36.5
7.52,44.1
9.22,50.6
3.51,27.4
5.16,40.7
2.37,21.2
5.98,37.3
6.49,30.1
5.75,30.1
3.51,19.9
12.5,65.2
4.87,19
2.38,19.2
6.85,24.6
8.31,39.8
2.41,18.9
4.12,33.9
1.88,20.9
9.43,44.1
4.54,34
2.8,22.7
8.37,44
4.79,24.8
7.72,36.9
6.2,31.8
2.57,22
3.43,25.4
2.84,29.7
2.28,22.4
1.59,5.9
13.93,66.1
5.69,27.1
6.18,31.1
8.91,42.2
3.41,22
1.97,13.3
7.33,40.8
2.17,13.9
7.23,41.1
1.79,28.9
2.08,13.9
3.21,22.9
7.08,27.5
11.56,54.6
6.18,38.4
3.28,27.7
8.1,43.1
1.75,22.7
2.65,33.5
5.07,39
7.47,38
4.25,21.6
3.98,25.3
4.12,23.4
8.86,47.7
2.96,17.9
2.54,21.3
4.08,31.3
9.57,47.9
3.17,19.8
4.11,32.9
1.73,10.1
4.22,26.6
5.52,32.8
2.18,20.4
8.87,46.5
5.48,35.6
3.48,25.1
5.51,31.3
6.39,34.4
1.46,14.8
5.63,36.9
9.38,44.7
2.94,27
3.53,25.5
3.89,24.4
7.52,43.4
2.41,17.9
6.22,38.5
3.93,27.9
11.87,54.4
4.07,29.8
1.05,18.4
6.9,43.4
6.04,39.3
5.35,34.5
9.23,42
1.59,29.1
2.68,15.9
4.7,34.1
5.18,33.6
4.3,23.1
1.75,18.1
3.55,25.1
11.4,61.2
2.34,17.7
4.64,28.5
6.23,25.2
7.4,47.9
6.88,33.3
3.39,26.4
2.67,21.7
11.92,56.9
7.82,45.4
4.9,38.1
10.15,51.7
1.73,21.5
1.98,21
1.06,20.6
5.14,29.4
5.29,36.9
1.87,24.1
7.65,45.9
1.31,14
5.82,33.4
6.6,38.2
5.11,25.2
1.71,25.7
9.18,46.8
3.46,26.4
3.47,22.6
3.06,17.7
7.02,36
3.36,25.8
2.21,23.4
8.17,43.8
4.57,30.9
8.34,42.2
4.77,32.4
2.94,29.8
1.43,20.6
5.16,35.3
3.89,28.1
7.19,32.6
3.27,19.7
5.92,36.5
4.66,29.7
2.78,24.5
3.43,32.6
1.95,22.7
12.4,64.8
5.85,34.7
1.87,15.5
12.04,57.5
2.32,17.2
3.23,31.3
4.07,31
4.73,32.3
7.08,44.5
1.24,7.6
4.77,32.8
3.94,21.1
5.21,31.8
3.82,25.1
3.52,28.4
4.35,29.6
11.66,62.4
3.56,22.8
8.94,49.2
5.08,32
4.94,23.4
5.24,27.8
6.22,35
3.73,31.2
8.59,46.7
6.23,30.4
2.06,19.2
1.05,25.1
11.45,56
5.34,30.8
1.91,21.5
3.56,29
7.81,39.6
4.2,30.2
4.43,27.4
6.99,41.8
5.64,34.2
6.49,38.8
6.95,35
2.99,19.7
3.16,28.3
2.77,22.2
3.27,25.7
4.33,27.1
4.52,33.2
9.97,47.2
5.48,32.2
4.38,32.2
2.41,26.4
3.87,24.3
11.95,66.2
11.84,58.4
3.84,21.9
1.54,19.5
3.54,23.7
10.04,52.1
4.34,28.3
7,38.9
4.65,25.6
1.81,23.3
4.75,24.8
7.54,35.7
3.24,26
7.43,47.4
4.93,29.1
7.2,42.5
5.69,38.5
2.51,25.2
3.9,25.4
3.82,21.6
3.15,14
5.43,31.5
13.18,67.4
8.6,39.6
9.26,50.3
3.03,19.2
9.35,48
11.13,57.5
2.97,20.3
6.06,35.8
6.15,33.5
4.07,30.6
5.18,32.7
6.33,36.3
4.23,35.1
8.36,46.7
2.07,16.8
3.81,26.1
7.08,38.6
12.39,59.4
8.67,56.3
5.11,33.1
4.36,19.4
3.94,24.5
3.96,18.4
1.42,15.9
12.1,49
4.55,25.4
2.86,16
6.01,36.6
3,23.4
7.91,43.4
2.91,22.6
7.27,33.4
3.91,29.2
5.55,41.7
7.59,42.7
3.39,23
7.48,34
1.46,13.5
10.65,54.5
8.23,48.1
4.46,30.1
9.08,50.1
8.54,47.6
4.7,32.1
4.67,26.8
2.65,22.9
4.86,26.7
1.78,18.8
7.21,40.9
7.3,47.3
1.47,11.7
10.07,52.4
3.21,30.9
19.6,89.9
5.38,36.2
10.12,53.1
2.59,27.7
3.9,21.9
3.38,18.6
1.76,18.7
2.07,10.1
4.36,34.1
5.88,39.8
2.42,19.2
3.76,24.6
2.99,23
4.53,29.4
6.9,38.8
5.01,33.6
3.29,23.7
8.38,48.1
5.77,35.9
5.09,28.6
2.44,27.3
7.88,35.8
6.11,34.8
6.3,40.3
4.11,24.4
3.68,27.4
12.14,60.6
3.64,22
2.15,19.8
5.25,31.2
4.68,27.3
8.6,55
4.3,24.9
6.77,42.2
10.46,50
5.91,29.6
2.52,22
6.01,37.8
3.8,30.6
5.46,39.8
4.7,43.1
2.12,21.2
4.28,25.3
2.43,23.3
3.48,24
7.86,46
4.92,24.9
6.54,47.5
5.16,35.5
3.96,19.5
5.47,29.6
1.6,21.8
7.23,44.8
2.81,17
6.31,39.2
3.87,17.9
2.12,19.7
3.11,28.8
6.32,33.5
14.41,60
4.53,29.9
13.43,60.3
1.59,20.9
4.05,23.4
4.53,25.7
6.52,27.7
3.19,24.9
5.76,33.2
4.17,22.5
9.3,48.2
5.25,36.6
18.66,81.9
4.19,29.1
8.96,47.3
10.62,46.9
0.89,24.6
7.18,37.2
4.1,30.5
2.31,24.2
9.4,47.1
3.3,27.3
1.54,19
5.32,25.8
10.21,49.3
2.33,18.1
7.73,39.3
1.3,11.1
10.63,57.5
5.98,41.9
2.18,24.7
7.32,45.5
3.42,23.4
2.65,19.2
3.37,21.3
6.9,41.1
2.54,22.7
1.03,15.6
3.48,31.1
9.62,50.4
9.55,44.5
3.37,21.7
3.3,27.6
3.17,28.7
3.09,26.2
3.22,32.8
5.48,40.2
9.76,51.1
2.54,17.9
2.84,16.9
5.85,32.5
7.13,42.5
1.78,27
11.86,58.9
3.88,32
1.88,18
1.72,21.3
1.66,22
8.86,36.8
4.94,28.9
8.91,50.1
4.4,30
8.76,39.9
4.34,17.6
6.5,35.1
4.58,29.1
4.18,23.9
2.7,22.9
7.03,41
2.34,23.9
7.02,28.1
5.08,25.4
7.13,37.7
5.34,34.9
9.32,49.6
6.13,37.4
5.14,29.8
0.97,14.2
9.54,45
1.65,21.7
1.99,15.4
7.52,44.4
4.84,31.3
1.69,18.2
3.29,21.5
9.25,41.1
5.25,29
4.91,29.2
3.05,12.9
7.68,40.3
4.48,33.2
6.86,40.6
2.85,20.6
14.46,67.2
10.24,48.4
5.21,32.5
5.91,41.4
3.31,28.9
7.18,41.6
1.08,13.9
11.75,60
6.94,30.8
2.51,20.4
11.58,58.6
13.74,67.5
6.1,38.2
2.88,24.3
4.95,29.9
6.62,39.6
5.8,29.8
2.51,17.7
6.55,37.2
9.19,47.7
2.15,12
2.31,22.8
3.23,27.8
4.23,27.7
7.79,52.3
9.13,43.6
2.81,21.1
5.45,30.9
8.92,45.6
14.93,67.3
5.43,26.3
5.61,30.9
6.12,34.8
3.96,32.6
5.19,41.6
1.24,22.7
3.32,21.1
6.49,33.5
2.7,21.5
7.9,50.1
1.51,17
7.72,35.4
7.71,39
15.09,72.7
3.87,29.8
4.84,29.5
11.09,57.2
10.28,40.8
8.58,45.1
5.92,38.4
10.92,49.7
18.19,77.4
6.84,29.6
4.98,38.1
7.33,36.6
5.39,33.6
4.08,30.2
7.92,48.9
3.53,24.7
6.76,35.3
1.74,19.4
12.05,63.6
2.94,22.4
1.97,15.2
10.08,43.4
11.18,49
5.85,38.1
4.56,27.9
3.92,24.2
5.66,30.3
4.72,30.3
4.37,27.5
2.74,21.2
2.26,26.7
5.1,38.3
5.56,25.9
3.04,25
3.32,21.1
5.55,32
2.7,23.7
8.78,44.4
6.6,38.1
3.03,26.5
6.41,37.7
2.74,19.5
7.73,38.5
2.81,16.2
4.5,25.3
5.28,40.9
11.08,50.5
2.92,17.7
2.85,24.3
1.81,18.4
12.99,60.5
4.94,37.1
8.9,48.3
3.36,22.4
3.56,23.6
4.7,27.6
4.78,34.1
7.17,37.9
5.02,23
3.83,26.3
13.13,55
2.72,32.2
2.93,18.8
2.74,21.7
7.34,41.1
6.29,34.6
4.38,27.3
2.65,24
5.27,38.9
7.94,45.6
11.34,61.7
3.27,19.7
4.37,30
6.26,36.5
3.8,28
1.99,25.8
4.39,27.7
2.16,18.4
8.34,46.1
3.99,19.2
4.66,28.6
2.98,22.7
4.77,26
9.79,54
8.87,40.9
2.37,20.4
0.75,16.2
4.41,34.8
4.01,27.2
3.86,30.9
3.4,28.1
2.34,21.4
15.69,66.7
12.98,54.9
3.76,26.8
5.22,29.4
8.42,48.1
5.21,35.2
3.58,24.8
2.02,14.5
4.87,32.8
2.18,15.7
9.41,44.3
4.74,25.6
6.55,36.3
3.94,32.2
7.76,41.5
3.23,22.3
5.75,27
3.85,29.1
4.21,24.5
8.36,44.3
2.97,21.7
5.98,38.5
10.06,49.5
8.18,42.8
3.29,26.7
6.47,46.1
1.51,21.7
8.52,44
18.16,81
5.78,31.6
10.35,47.1
1.96,17
2.5,18
3.93,29.9
4.39,23.9
5.81,40.1
3.3,27.9
5.26,32.1
8.35,43.7
6.46,34
3.85,27.8
7.4,45
3.75,23.1
5.09,24.4
8.1,45.9
4.32,29.9
2.16,15.2
5,27.7
8.14,39.1
8.58,41.3
2.44,19.8
7.23,38.3
4.16,24.9
10.74,49.4
2.19,19.3
7.15,39.9
3.89,25.4
3.33,29.9
8.31,45.9
9.07,39.3
1.26,19.1
8.4,46.6
4.63,27.6
4.92,24
2.11,20.1
6.88,38.1
15.91,67.4
3.46,18.6
9.57,48
4.81,29.2
3.54,23.6
1.86,18.7
10.36,46.4
5.17,29.7
3.66,28.3
4.04,25.8
7.2,31.8
3.65,23.7
2.64,17.2
4.51,30.3
4.42,30.2
4.37,21.1
3.68,29.4
9.76,44.1
19.25,92.2
2.44,21.1
1.14,10.7
4.18,22.7
1.23,18.2
1.75,16.9
3.49,24.8
7.17,46.5
4.15,24.6
0.98,16
4.11,34
4.3,29.6
4.35,21.3
8.94,48.2
8.09,37.5
5.05,37.5
14.15,62.1
3.49,38.6
4.47,35.6
4.76,26.5
1.85,19.1
4.82,33.7
1.64,21.8
3.16,26
5.19,37.4
2.04,19.2
5.88,32.7
2.85,21.3
3.84,30.5
6.49,38.3
4.6,30.8
5.8,37.6
6.26,26.6
4.55,30.7
6,35.8
3.12,31.4
6.45,29.6
4.19,34.9
9.91,50
5.25,34.2
3.41,32.5
6.51,39.3
10.16,52.4
3.6,26.8
3.23,22.1
0.79,14.9
5.24,28.7
3.94,26.8
6.5,26.2
6.58,38.9
1.9,18.7
8.07,41.2
2.95,24.2
3.61,19.3
5.9,43.1
2.34,20.4
3.25,23.7
2.2,16
8.48,44.3
3.81,32.7
2.07,24.5
2.16,24.1
7.68,43.6
2.78,21
3.56,19
4.94,29.9
3.97,26
1.37,21.9
6.91,39.7
4.15,35
5.76,39.3
7.21,37.3
1.19,8.4
7.25,45.8
17.13,83.2
6.13,29.1
10,56.8
8.31,45.3
7.09,39.7
8.48,51.5
9.33,53.5
9.54,51.2
2.16,22.3
8.79,48.2
4.12,25.9
9.74,48.8
6.45,32.4
2.14,18.6
10.53,50.4
2.96,20.4
3.99,27.8
11.97,56
5.27,34.3
3.89,19.5
4.62,29
3.84,27.2
7.67,39.7
3.91,26.1
4.71,22.8
6.77,39.3
6.33,39
3.11,26
7.72,46
3.48,26.1
2.47,23.5
1.45,18.2
4.33,31.5
1.65,11.2
2.84,18.8
4.79,37.3
9.21,35.9
4.06,26.8
1.88,24.4
4.52,28.8
9,44.4
4,27.8
10.13,48.9
4.77,30.3
7.27,36.6
5.51,37.9
9.84,55.8
14.7,67.3
3.59,19.4
5.32,29.9
9.21,46.2
5.62,35.6
1.41,12.8
4.04,23.9
5.6,35.6
11.42,59.6
5.15,28.8
2.72,16.3
5.68,48.4
10.76,56.4
3.25,23.1
3.51,29.2
3.28,23.9
2.04,23.7
5.01,31.8
4.66,30.1
1.51,17.2
2.86,16.4
5.41,41.3
7.17,35
8.33,37.5
7.51,39.6
4.83,26
1.83,18.7
4.2,31.1
0.93,20
5.43,36.3
3.18,22.7
1.17,16.7
6.03,36.7
10.69,44.7
1.66,20.9
6.32,29.5
3.78,35.5
2.95,21.4
2.96,22.4
3.77,22.9
3.77,23.5
4.71,40.1
2.78,26.8
3.15,17
6.67,44.1
2.62,27.3
5.64,32.2
3.9,28.2
3.42,24.9
12.68,69.1
2.07,16.3
11.11,54.9
7.78,39.6
3.23,17.8
7.91,51.9
0.75,9.5
3.04,24.5
2.64,14.2
6.07,33.3
7.25,41.4
6.01,31.1
5.21,34.4
8.21,42
7.55,45.9
3.18,30.2
3.41,22.3
7.3,40.1
4.68,30.6
4.88,33.3
5.27,32.1
1.45,18.4
3.09,22.6
6.38,36.8
3.08,29.5
4.17,30.8
6.36,39.3
8.48,47.5
9.07,45.8
9.37,49
4.42,23.9
4.14,33.4
2.23,8
10.72,52.3
4.03,32.4
10.58,46.1
5.73,35.6
8.71,42
4.6,27.8
6.73,41.8
8.88,46.6
3.52,16.2
9.4,43.3
2.43,25.6
12.49,61.5
5.28,39.9
3.12,31.4
7.69,39.7
5.89,45.6
1.5,17.8
3.78,22
2.5,18.6
2.65,11.9
2.59,29.1
6.54,44
8.03,37.9
2.95,22.2
1.26,17.2
0.92,11.2
14.19,58
5.32,31.3
7.72,39.9
4.28,26.5
1.11,17.2
6.17,41.9
11.74,55.2
3.23,25
1.03,19.2
2.22,22.9
7.94,39.4
5.86,34.7
9.42,50.3
4.86,25.4
7.18,45
3.71,32.5
2.34,17.6
7.19,40.2
8.02,45.4
3.28,22
11.13,56.5
11.31,55.7
2.6,15.3
2.67,24.2
2.76,17.5
4.47,33.2
3.82,23.5
2.02,19
2.81,28.9
1.12,18.5
1.24,11.9
1.77,14.2
13.74,61.5
12.78,62.3
7.43,41.8
3.3,20.7
1.75,13.4
4.8,31.5
6.27,35
2.98,33
6.07,35.2
2.21,28.6
3.34,19.4
4.12,20.6
13.01,56.4
2.78,27.9
6.25,43.7
2.52,18.1
2.3,18.7
2.97,18
4.9,22.5
11.98,60.8
3.26,25.4
8.05,42.6
13.38,56.5
5.63,40.8
8.92,43.6
2.87,25.3
6.15,28.8
7.11,38.2
1.95,20.7
2.69,23.7
4.01,27.9
3.02,25.7
4.3,23.3
1.78,19.7
12.62,60.5
8.54,45.5
20,88.3
2.11,14.3
6.3,30
3.04,13.6
2.29,24.4
8.26,47.1
5,34.8
3.84,28
5.74,24.2
2.76,17.9
2.7,23
3.11,24.4
9.24,46.1
8.8,47.1
2.04,19.8
12.3,59.3
4.74,27.1
6.23,40.1
3.05,21.7
4.9,24.6
2.28,17.2
2.91,21.5
7.86,46.3
7.97,42.1
6.41,35.5
3.69,20.4
2.02,23.2
9.9,46.7
8.32,43.2
1.36,23.8
8.05,44.9
3.84,19.3
7.25,31.6
1.79,18.5
3.15,18.5
5.12,34.4
12.62,60.1
5.13,32.2
9.02,43.1
5.55,40.9
5.43,45.4
6.62,35.9
4.66,31.3
7.75,41.9
2.39,19.9
4.68,26
13.25,57.5
9.24,42
5.85,36.1
8.5,42
11.24,43.1
1.25,18.8
4.07,27.3
3.14,30
1.88,20.8
14.36,59.9
6.81,27.8
8.33,40.4
3.23,21.5
4.01,31.5
4.82,30.3
6.12,40.4
7.58,34.8
7.3,44.1
4.18,31.1
11.5,46.6
10.16,56.6
5.75,34.3
4.93,32.5
3.99,23.3
6.14,41.1
9.85,44.1
5,34.7
3.39,28.6
4.93,26.4
5.81,43
2.29,21.7
1.93,22.3
3.45,18.2
11.49,65.2
9.53,42.7
1.66,22.9
2.63,17.5
7.5,37.7
3.73,29.7
6.34,40.7
1.72,12.8
4.87,35.4
4.57,34.1
8.35,39.5
6.12,42.4
5.27,25.5
1.48,14.8
13.5,65.5
7.19,35.5
3.06,24.8
5.19,32.8
3.8,25.6
4.26,31.9
9.44,46.8
2.62,23
7.36,45.1
9.68,52.3
6.7,41
4.39,23.5
2.92,25.5
3.18,20.1
5.25,26.2
4.99,30.6
7.91,38
1.8,22.4
9.37,51.3
18.72,74.6
4.65,25.9
4.22,21.5
4.47,26.9
5.14,33.6
4.01,26.1
1.27,14.2
4.41,34.6
5.33,21.9
9.97,55.5
2.6,19.4
12.31,58.4
3.84,24.2
2.8,29.6
7.19,33.8
3.57,25.6
4.7,32.2
4.9,23.4
6.95,34.3
4.62,28.9
4.31,24.4
3.78,22.7
6.54,35.3
3.46,28.1
10.16,49.1
4.94,35.6
1.53,13.3
5.81,28.4
6.39,45
10.23,47.9
3,17.5
2.73,14.5
7.08,43.7
9.26,45.7
2.93,22
5.69,32.9
4.67,34.3
2.99,22.6
4.5,39.6
8.88,46.3
4.95,35.6
4.36,32.2
6.86,37.9
9.35,44.9
2.57,23.3
5.83,36.4
3.86,24.1
4.96,31.6
7.19,44.9
4.05,36.7
4.6,33.3
8.46,52.5
6.3,33.1
4.53,32.4
5.26,38
5.03,27.1
1.46,15.4
5.31,40
2.07,15.5
9.2,40.9
2.04,26.6
3.74,31.6
3.32,26.6
11.21,54.4
8.98,44.2
0.99,17
4.8,37.3
2.3,21.8
5.32,42
7.09,34.9
5.6,33.2
7.34,38.2
4.12,22.8
5.7,33
7.19,41.2
3.65,28.2
2.77,32.3
3.2,26.3
4.5,34.3
4.88,30.8
5.9,42
3.01,34.2
7.31,42.2
12.7,55.8
3.33,22.2
16.8,77.1
13.69,66.1
4.87,33.6
4.41,30.8
3.17,24.1
7.95,39.3
5.07,33.1
5.39,40.8
2.81,27.3
8.08,45.1
4.2,32.6
2.41,19.5
4.64,27.3
2.93,19.8
10.24,50.3
13.59,61.7
4.72,35.4
8.83,43.4
8.71,41.5
0.66,23.2
3.21,22.2
5.2,32.5
3.71,28.1
3.05,18.5
9.04,51.9
3.62,28.6
5.91,41.5
8.59,41.6
10.59,52.7
2.42,21.4
2.55,22.9
5.53,26.5
1.26,17.3
2.63,15.6
9.62,50.2
6.99,29
4.5,20.8
6.39,40
7.27,37.2
1.91,14.8
3.58,31.3
10.38,52.9
5.58,37.1
5.78,33.2
4.73,42
1.47,14.9
3.3,32.4
6.16,35.1
3.64,18.4
2.47,23.6
2.69,23.6
10.5,47.2
3.52,21.2
9.31,47.3
5.8,35.6
4.19,16.8
2.96,28
7.1,36.8
8.66,38.9
7.49,44.7
2.04,19.6
3.51,30.8
3.78,28.3
1.29,16.9
6.35,35.4
6.89,40.4
6.75,35.8
6.11,31.4
3.98,29.9
2.89,22.3
3.97,27.2
5.83,39.1
9.81,48.8
5.07,31.3
4.96,28.1
1.36,19.1
6.06,36.6
10.22,54.9
4.52,26.6
4.31,26.3
3.82,30.1
7.24,40.6
1.33,13
9.32,53.3
4.2,20.3
6.12,38.8
7.57,35.1
2.67,30.6
4.77,23.2
4.14,32.9
2.28,20.3
8.62,43.1
3.94,27.8
2.22,23.3
4.95,26.7
1.85,15.4
3.64,28.8
5.76,26.2
1.73,15.9
6.97,52.2
5.11,27.1
7.59,46
7.54,38
3.56,27.8
3.62,28.7
6.39,41.4
2.41,20.3
2.42,30.1
3.26,21.7
1.95,20.5
2.2,21.5
2.25,15.5
3.95,25.7
3.84,27.3
8.27,41.5
3.99,38.1
4.56,25.6
12.18,63.6
1.01,19.7
5.43,32.6
4.2,24.1
5.76,30.4
3.39,22.6
3.98,19.1
9.55,43.8
6.34,29.4
4.1,33.6
2.93,25.9
2.4,24.7
3.52,28
4.33,29.2
12.16,64.8
5.2,29
3.15,24.5
1.02,19.2
2.88,17
3.52,39.3
5.5,33
3.6,26.3
12.49,65.1
4.15,31.9
8.43,44.2
1.64,18.8
4.62,22.8
2.9,20.5
8.57,46.9
3.75,28.2
9.71,54.4
6.91,37.7
3.46,18.9
2.38,25.8
3.01,29.9
3.98,31.2
6.89,37.4
4.72,34.6
7.62,56.4
10.14,51.1
4.87,24.6
2.54,19
5.92,37.3
13.28,55.2
7.87,42.7
5.66,35.2
2.75,29.4
4.23,34
1.71,22.4
2.29,11
5.99,38.9
1.48,20.8
3.86,27.8
2.13,12.3
2.36,17.5
4.92,25.4
3.01,14.4
1.88,19.1
3.38,21.3
1.84,30.8
9.36,46.8
7.11,44.8
7.09,31.9
2.83,20.4
6.11,35.7
5.35,28.2
2.97,21.4
4.54,28.3
1.66,17.3
2.41,29.5
4.46,30.7
3.5,27.5
5.8,36.5
3.02,26.2
3.82,26.1
4.69,28.4
2.86,23.6
3.78,31.6
5.33,37.3
10.89,52.3
2.87,26.4
3.51,24.5
7.83,41.9
8.95,43.9
6.45,35.7
8.82,51.6
2.78,23
8.34,44.3
7.26,33.1
2.34,19.5
3.85,25.5
1.15,12.6
5.1,31.5
8.25,41.4
3.4,25.3
2.51,22.1
2.4,16.8
4.65,27.9
6.42,36.7
11.02,59.2
1.1,17.3
10.26,48
5.27,33.8
8.03,50.2
7.01,42.8
4.82,32.8
4.71,33.2
5.89,40.9
4.03,32.2
4.23,30.6
6.6,41.9
2.87,18
8.47,37.4
8.07,43.4
3.52,25.7
6.64,34.8
6.15,39.1
3.3,16.2
6.92,35.9
10.69,50.4
8.64,37.5
1.87,25.8
6.28,29.7
7.85,39.2
3.17,28.1
8.47,47.1
2.96,18.3
4.01,30.3
3.03,24.8
2.73,32.9
5.89,36.2
1.97,18.9
4.15,23.9
5.89,31
3.05,19.9
9.31,53.5
4.35,28.6
11.66,58.9
1.84,25.8
6.03,24.3
5.34,38
3.75,26.5
4.84,32.3
6.55,33.2
7.28,36.3
4.43,31
6.07,45.8
2.86,27.4
7.36,45.7
10.36,50.5
7.68,38.5
3.03,20
2.58,19.6
15.86,63
9.97,46.6
7.29,37.2
10.75,52.1
4.74,30.6
7.21,41
9.25,47.1
4.03,24.7
6.28,27
8.67,42.4
2.47,17
3.79,28.5
8.56,48.6
5.43,36.9
5.01,34.4
4.67,29.1
9.07,44.1
2.64,18.7
3.64,19
1.96,23.9
3.96,26.3
5.27,26.4
1.37,13.5
2.89,19.1
5.42,32.8
6.22,40.4
12.14,56.6
6.76,27.6
4.33,27.6
5.19,31
5.29,31.1
3.64,23
5.56,34.1
3.54,25.7
5.72,33.6
4.66,31.6
4.21,26.1
4.29,26.1
7.42,46.4
7.01,41.2
4.09,31.3
7.25,45.1
4.61,31.9
4.65,33.8
3.64,18.7
11.42,56.3
10.74,52
3.19,31.7
3.94,31.1
5.98,31.9
6.63,38.9
2.5,22.3
2.77,24.6
0.69,10
6.64,38.9
1.86,18
3.2,25.4
7.89,38.7
7.68,38.6
11.06,59.3
13.19,57.4
19.6,82.1
3.87,26.5
3.34,21.2
6.12,31.3
1.99,20
4.17,21.1
5.26,27.5
6.39,45.5
6.79,39.9
4.09,24.2
2.18,22.2
2.48,24
1.27,21.3
3.41,24.4
1.96,23.8
3.56,16.4
6.08,30.4
2.21,21.1
5.09,32.8
4.06,23.3
5.9,35.6
6.72,34.7
3.91,25.6
4.84,35
4.07,31.6
3.62,21.3
3.1,19
6.36,34.3
9.95,49.7
9.28,44.3
2.09,24.6
9.84,51
2.68,24
5.26,26.3
5.82,39.4
1.77,6
4.34,32.2
10.2,55
1.03,14
16.57,80.7
1.23,16.4
5.74,34.1
1.82,20.4
6.28,50.2
9.04,52.4
7.66,44.3
8.4,39.8
4.09,28.2
1.89,15.5
10.16,54.3
14.42,67.4
5.11,26.4
3.81,26.8
2.92,19.3
7.38,40.7
8.63,40.9
3.81,26.6
11.44,58.8
7.02,38.4
5.07,29.5
5.85,35.1
2.53,24.8
7.33,34.9
2.63,23.2
3.51,31.3
4.62,32.1
13.11,62.1
5.57,36
2.8,24.7
5.86,37.7
6.78,28.7
9.46,41
4.76,34.6
3.07,16.9
15.14,71.3
5.87,32.7
2.81,18.2
4.74,31.6
3.51,26.2
9.79,58.7
6.74,34.8
3.98,33.6
8.63,46.4
4.51,26.2
4.67,33.3
3.01,26
3,23.6
14.56,68.5
8.4,41.2
1.39,13.6
2.59,25.3
2.27,19.6
5.01,30.7
3.72,27.4
10.93,54.7
3.94,20.5
13.7,69.8
4.59,30
15.43,69.7
4.26,30.1
4.32,29.5
8.29,47
7.6,43.3
2.03,22.9
5.08,37.4
3.7,30
3.55,24.8
5.07,26.2
4.04,34.9
5.39,31.4
2.52,19.4
1.74,10.8
8.48,45.7
9.24,47.8
8.17,36.2
4.94,32.8
3.85,24.4
3.26,36.5
2.89,20.4
4.59,27.5
9.11,42.7
3.09,29.5
9.12,45
1.8,15.6
5.56,36.3
6.26,29.6
3.47,28
2.42,29.2
7.83,44.3
4.96,33.7
18.15,84.9
9.19,54.6
9.24,52.6
0.91,17.4
3.13,28
2.24,16.5
1.23,20.2
4.72,25.4
7.72,39.7
2.57,7.9
1.27,18.6
2.71,19.4
4.38,33.6
4.18,29.6
4.86,35.5
6.19,30.6
4.79,34.9
7.97,51.8
2.6,25.3
4.08,31.1
6.79,38.6
5.71,31.3
12.78,64
2.67,15.4
6.87,36.2
3.23,16.3
3.01,20.3
8.87,48.6
4.76,32.4
5.66,33.7
3.39,25.6
3.51,16.9
1.72,16.9
5.39,29.4
2.44,18.3
4.43,31.5
7.97,38.4
1.43,14.7
20,78.6
2.97,22
4.51,24.2
5.65,33.8
2.91,18.8
3.59,26.1
9.04,45.7
7.47,47.9
4.13,29.9
4.83,22.1
5.26,26.3
6.69,37.7
6.97,34.3
6.87,24.7
3.73,32.2
5.16,34.8
8.49,46.6
15.12,66.7
5.07,33.2
3.43,21.9
2.88,23.9
6.9,34.1
1.67,25.2
6.94,31.3
7.01,44.2
3.51,25.5
5.58,31
4.22,28.8
1.97,22.8
6.64,43.4
6.3,37.3
3.68,22
14.98,69.2
4.85,38.6
1.35,23.2
8.75,49.3
7.59,44.4
8.12,46
2.53,26.8
5.49,30.8
4.8,24.1
4.34,28.8
10.09,46.7
4.89,25.8
3.76,23
3.74,37.4
2.41,21.8
5.18,33.3
10.54,46.6
3.95,18.7
5.67,29.9
4.3,34.8
4.58,30.9
7.79,44.3
2.39,24.4
1.78,16.1
8.75,51.5
3.45,22.3
3.79,32.7
16.86,78.1
7.57,32.7
2.75,19.1
9.11,38.6
7.67,46.4
0.66,14.4
5.3,22.1
2.46,23
4.58,27
15.14,62.9
7.98,49.9
8.62,45.2
4.31,27.1
8.64,43
3.04,16.7
5.26,26.1
7.77,47.3
7.63,38.9
1.85,19.1
13.25,53.2
2.68,16.3
18.62,85.5
7.91,43.8
7.51,48.4
2.83,28.8
3.54,24.4
12.63,62.1
11.68,55
4.38,37.9
4.16,33
4.23,28.8
9.15,47.7
8.63,51.3
6.08,37.7
5.29,39.1
4.35,18.7
17.76,81.6
1.98,17.2
3.82,34.4
5.83,41.1
1.74,18.8
3.39,31.8
15.03,77.1
8.3,43.9
3.38,36
3.31,24.4
1.99,18.6
3.67,29.8
6.73,36
6.06,35.4
3.79,32.7
2.66,22.2
4.31,20.8
4.26,29.8
7.68,38.1
5.55,37
5.11,34.6
9.62,55.2
11.62,60.2
6.02,39.8
6.11,32.2
4.5,32.7
2.81,31.5
8.04,39.5
7.15,47.3
4.72,27.5
5.56,29.3
9.25,48.5
10.16,53.8
0.93,19.6
3.24,20
4.71,31.9
2.41,18.1
5.65,26.8
3.34,20.5
5.76,30.5
3.41,27.3
3.5,30.5
5.74,27.2
8.25,44.9
6.9,32.9
4.74,32.8
1.42,14.6
3.45,20.4
3.22,27.8
7.4,37.5
5.31,30.8
5.43,22.6
2.89,27.2
10.4,55.2
5.41,32.6
2.78,15.7
2.91,28.5
5.89,31.4
2.71,20.3
3.24,34.7
2.33,17.7
7.37,43.3
2.75,25
11.4,57.1
6.33,37.3
2.33,22.5
6.86,39.3
10.41,51.3
4.61,36.3
11.12,48.3
6.4,40.9
3.35,28.4
15.17,72.8
1.95,24.4
3.95,26.6
4.74,21.6
13.69,63.7
7.47,35.9
6.74,34.3
3.03,17.9
4.51,27
3.4,22.2
6.61,26.4
9.46,51.1
17.19,87.3
3.64,28.6
1.92,18.4
3.99,26.9
8.71,43.2
2.8,23
4.84,30.2
6.79,34
3.68,33.6
5.55,26.4
2.64,25.3
9.84,48.9
4.18,36.4
5.46,34.3
1.46,15.9
2.41,20
8.54,44.6
3.65,20.7
2.72,18.9
1.82,10.9
9.73,44.8
7.28,40.1
7,40
12,48.7
3.96,26.4
1.93,21.9
5.01,30.3
13.34,59.8
5.08,29.4
9.31,44.9
1.98,16.7
2.99,24.1
8.24,53.7
5.39,29.1
4.56,27.9
9.24,46.9
8.18,40
5.48,37.8
0.94,5
4.89,28.2
6.28,39.5
1.48,16.3
6.16,31.7
9.48,50
4.88,34.6
2.53,22.6
1.01,12.2
6.23,37.7
1.6,16.3
6.96,41.8
12.96,67.9
3.08,12
4.25,28.6
13.4,55.1
5.25,42.9
3.67,23.8
8.71,48.5
3.8,26.3
2.95,19.6
6.9,34.1
9.12,53.8
2.94,27.5
5.51,41.7
4.36,28.8
4.8,31.5
2.54,20.4
7.21,38.1
11.37,50.5
2.9,23.4
7.21,35.8
8.59,46.6
5.49,33.6
7.03,40
3.11,31.4
11,53.6
9.16,50.2
9.77,58.4
2.28,26.5
6.51,41.9
3.26,23
11.55,56.9
2.94,17.2
5.62,35.6
1.24,17.9
5.6,33.4
2.29,25.3
6.71,32.1
4.44,36.2
3.87,30.8
11.72,56.2
15.78,71.3
1.88,21.3
3.95,33.9
7.89,42.4
6.07,35.7
7.64,41.1
4.64,37.7
9.38,46
5.47,32.7
6.28,42.4
2.29,21.4
5.14,36.6
7.94,38.1
5.87,33.4
5.28,38.7
6.52,33.7
5.45,32
4.73,31.1
8.08,38.3
4.53,27.4
2.2,20.9
11.41,55.6
3.32,30.4
1.82,25.9
7,34.7
12.26,59.1
7.1,42
10.48,58.6
2.74,25.6
2.22,21.7
3.94,30
8.98,49.2
6.72,33.4
7.02,39.5
5.28,38.6
3.98,26.2
5.42,33.2
4.44,27.8
3.81,16.1
6.17,35.5
4.18,29.2
5.75,31.5
1.32,11.8
5.47,28.8
4.17,31.3
10.8,61.9
1.77,24.9
5.23,25.8
8,46.2
4.55,26.3
4.08,24.9
7.98,40.2
6.63,40.4
6.92,42.6
3.82,26.1
3.53,25
5.76,36
8.37,46.4
2.03,25
4.65,23.9
3.63,25.9
4.99,26.2
7.56,40.5
2.9,22
7.07,38.7
3.9,23.2
9.14,40
3.01,14
8.3,42.9
2.17,18.3
5.53,30
7.16,45.2
3.06,19.8
1.11,22.6
3.7,33.4
5.02,22.3
4.07,27.9
3.49,23.5
8.05,29.5
9.68,42.3
9.35,51
6.47,45.7
6.98,42.6
2.75,23.9
4.75,30
5.27,39.6
5.88,44
5.82,31.5
5.03,22.1
6.42,27
5.67,39.5
5.66,33.3
3.19,24.9
2.37,12.9
5.9,31
3.8,25.1
3.28,25.4
7.26,37.8
4.78,25.5
10.5,48.4
6.82,43.4
3.07,24.8
7.32,42.6
6.24,31.7
3,10.1
3.52,23
7.12,35.2
1.55,19.5
1.21,31.4
5.47,35.9
5.24,44.2
5.76,36.4
5.24,29.1
6.37,37.8
9.76,57.1
4.97,39.1
1.93,16.7
1.43,18.6
4.01,20.8
4.07,31.2
2.14,27.1
1.08,16.3
3.83,23.6
12.23,60.1
6.22,37.5
5.91,34.8
4.47,29.8
4,26.4
6.59,41.5
2.3,24.1
14.08,61.1
2.41,16.6
6.94,37.2
2.55,25
5.32,32.9
7.37,37.1
1.7,19.6
2.73,20.9
2.84,26.8
4.21,29.5
5.72,32.3
12.37,60
3.5,31.2
11.92,54.7
6.1,37
2.36,20.7
4.48,30.9
1.95,16.5
4.01,27.7
3.84,31.6
5.37,28.2
6.95,32.4
4.69,24
2.53,16.3
10.48,54.5
12.83,54.4
4.42,27.5
5.94,37.4
4.27,30.1
5.4,30.8
5.57,34
2.16,20.7
4.05,26.4
8.72,44.2
8.29,53.6
4.01,30.9
5.63,44.6
4.19,25.7
7.11,38.6
1.69,12.4
6.6,33.4
10.88,61.9
3.17,21.7
10.04,58.8
5.8,28.4
4.68,25
3.99,25.6
10.24,50.6
4.2,32.1
11.82,58.9
11.05,52.1
3.65,25.3
4.39,27.2
1.39,13.2
4.78,26.2
5.14,36.2
9.26,39
11.39,62.6
7.5,39
8.82,42
4.39,32
2.24,27.2
5.8,39.1
9.17,49.1
0.84,20.1
5.29,24.4
1.51,15.4
3.01,19.3
5.41,38.1
11.5,54
4.97,34.7
7.22,41.8
5.76,30
3.13,21.3
6.44,42.3
2.21,16.9
4.93,31.3
10.13,47
5.5,31.5
5.76,33.7
4,23.7
1.77,14.4
4.29,29.6
8.05,38.8
6.2,31.9
2.29,16.5
